time,ax (m/s^2),ay (m/s^2),az (m/s^2),aT (m/s^2)
0.002000,0.4094,0.3609,-1.0191,1.156
0.019000,0.2004,-0.1072,-1.0901,1.114
0.020000,-0.4536,-0.5326,-0.9636,1.191
0.096000,-1.2998,-0.6842,-1.3447,1.991
0.098000,-1.3325,-0.5405,-1.4767,2.061
0.099000,-0.8334,-0.4142,-1.3091,1.606
0.100000,-0.8807,-0.0897,-1.1638,1.462
0.101000,-0.9940,0.0050,-1.4273,1.739
0.102000,-0.4938,-0.2403,-1.1533,1.277
0.103000,-1.1541,-0.7603,-1.8920,2.343
0.105000,0.1817,-0.2479,-1.4816,1.513
0.115000,0.5509,0.1241,-0.3824,0.682
0.117000,0.5509,0.1241,-0.3824,0.682
0.118000,1.1975,0.2444,-0.8181,1.471
0.182000,2.6346,-0.7569,-2.2390,3.539
0.184000,0.1297,-0.9959,-1.7378,2.007
0.185000,-0.8949,-1.0430,-1.4785,2.019
0.186000,-0.2274,-1.4015,-2.1362,2.565
0.188000,0.6464,-1.4620,-2.7496,3.181
0.189000,0.7584,-1.0822,-2.3073,2.659
0.190000,0.7584,-1.0822,-2.3073,2.659
0.191000,0.8505,-0.7000,-2.2458,2.501
0.205000,0.5962,-0.3668,-2.4955,2.592
0.206000,0.6452,0.1667,-3.4340,3.498
0.300000,0.6488,0.2785,-4.9138,4.964
0.301000,-0.1987,-0.3105,-6.2687,6.279
0.303000,-1.3193,-2.1137,-8.1624,8.534
0.304000,-2.3226,-2.9418,-8.4507,9.245
0.305000,-2.3226,-2.9418,-8.4507,9.245
0.307000,-1.5952,-3.2683,-8.5432,9.285
0.309000,-0.4520,-2.8810,-7.2764,7.839
0.310000,-0.1469,-3.2819,-5.9218,6.772
0.312000,-0.7803,-4.0045,-4.3724,5.980
0.313000,-0.1816,-4.7750,-4.0399,6.257
0.314000,-1.6762,-5.5370,-3.0909,6.559
0.315000,-2.3495,-6.3052,-3.0008,7.367
0.365000,-2.6265,-6.7085,-2.6731,7.684
0.367000,-2.1345,-6.5942,-2.1549,7.258
0.368000,-0.4248,-5.2619,-1.3642,5.452
0.370000,0.6906,-4.1657,-1.4919,4.478
0.371000,2.1415,-2.6950,-2.0756,4.020
0.373000,2.4789,-2.0724,-3.2505,4.583
0.393000,3.0152,-0.8863,-2.4631,3.993
0.396000,3.0152,-0.8863,-2.4631,3.993
0.398000,2.9486,-0.7551,-0.3751,3.067
0.484000,2.7486,-0.8077,1.8964,3.436
0.486000,2.5281,-1.0546,2.9697,4.040
0.487000,2.2411,-1.1842,2.9938,3.923
0.489000,2.5805,0.8527,4.0867,4.908
0.490000,3.2504,1.1286,3.3932,4.832
0.492000,4.7550,2.2222,4.3663,6.827
0.493000,4.6447,3.3694,5.7697,8.137
0.495000,4.7859,3.4066,6.5501,8.798
0.497000,4.3399,3.7172,5.6249,8.018
0.499000,3.0795,4.0652,4.8702,7.052
0.505000,2.2433,4.1040,3.8494,6.057
0.511000,0.7728,3.4807,3.5995,5.066
0.525000,0.6996,4.1556,3.8193,5.687
0.608000,1.6047,4.9148,4.3493,6.756
0.610000,2.5350,5.9238,5.0334,8.176
0.611000,2.8714,6.8272,4.8413,8.848
0.613000,3.1867,7.6528,3.9091,9.165
0.616000,3.1635,8.1258,2.4540,9.059
0.618000,2.6980,8.1350,1.7344,8.744
0.619000,2.2150,7.8859,1.3075,8.295
0.620000,1.9898,7.4211,1.3399,7.799
0.621000,1.9898,7.4211,1.3399,7.799
0.622000,1.6399,7.0659,1.7500,7.462
0.671000,2.2576,7.3035,1.7850,7.850
0.673000,1.9203,6.4988,1.6569,6.976
0.674000,2.2777,6.3763,1.9554,7.048
0.675000,3.3865,5.8249,2.6563,7.242
0.676000,4.3934,5.6088,3.4028,7.896
0.678000,5.8708,5.2020,3.5806,8.623
0.679000,5.8708,5.2020,3.5806,8.623
0.689000,6.3203,5.4602,3.6517,9.116
0.694000,6.7371,5.8420,4.2078,9.860
0.711000,7.3234,5.6029,4.3688,10.203
0.716000,7.6472,4.9423,3.8735,9.895
0.726000,7.4838,2.5741,3.3000,8.575
0.781000,8.1589,3.5605,1.9632,9.116
0.783000,9.1169,3.1410,1.4595,9.753
0.785000,9.1169,3.1410,1.4595,9.753
0.786000,9.3747,-0.0208,-0.4342,9.385
0.788000,9.1745,-1.6599,-1.7545,9.487
0.790000,9.2411,-2.4640,-2.0472,9.781
0.792000,10.2814,-3.4923,-0.8279,10.890
0.796000,10.2565,-4.0532,0.3611,11.034
0.808000,10.3662,-4.3988,0.8278,11.291
0.878000,9.9708,-5.1515,0.8272,11.253
0.881000,8.9046,-6.0036,0.4095,10.747
0.882000,6.9048,-6.8512,0.2188,9.730
0.883000,4.1497,-8.0445,-0.4473,9.063
0.885000,0.9731,-8.8464,-1.5857,9.040
0.886000,-1.8133,-9.1585,-2.2537,9.604
0.888000,-3.7561,-9.0827,-2.2618,10.086
0.889000,-4.5173,-8.7267,-2.0658,10.041
0.890000,-4.5173,-8.7267,-2.0658,10.041
0.893000,-4.1746,-8.4427,-1.7309,9.576
0.903000,-4.3544,-8.2683,-1.2687,9.431
0.923000,-4.4625,-7.8060,-0.8958,9.036
0.925000,-4.8202,-7.7121,-1.1065,9.162
0.978000,-5.9739,-7.5163,-1.9105,9.789
0.980000,-6.7335,-7.4354,-2.8225,10.421
0.982000,-6.9510,-6.5652,-3.5111,10.186
0.984000,-7.1211,-6.0033,-3.6367,9.999
0.986000,-6.9748,-5.5424,-3.5327,9.584
0.988000,-7.1072,-5.1986,-2.7773,9.233
0.994000,-7.5005,-5.1168,-1.7378,9.244
1.006000,-7.5934,-4.7005,-0.8128,8.967
1.019000,-7.6314,-4.5406,-0.5156,8.895
1.026000,-7.3191,-3.6607,0.1206,8.184
1.078000,-6.3456,-2.8152,0.3756,6.952
1.079000,-4.9187,-1.7235,0.1852,5.215
1.081000,-1.4063,-1.0890,-0.5472,1.861
1.082000,-0.5056,-1.3671,-1.8581,2.362
1.084000,0.8787,-1.0690,-2.8761,3.192
1.088000,3.5774,0.0853,-2.7252,4.498
1.092000,7.2284,1.2441,-2.5644,7.770
1.107000,12.1685,1.4815,-2.1971,12.454
1.109000,12.1685,1.4815,-2.1971,12.454
1.113000,15.9938,1.6052,-0.7444,16.091
1.203000,18.4898,3.3528,1.8424,18.881
1.205000,20.5763,5.5373,3.8754,21.658
1.206000,20.7035,7.1961,5.4409,22.584
1.208000,18.6924,7.8005,6.5856,21.298
1.210000,15.1298,7.2259,7.1554,18.230
1.212000,10.7770,5.5007,7.1288,14.044
1.214000,10.7770,5.5007,7.1288,14.044
1.215000,6.3649,3.7081,6.4526,9.793
1.216000,2.8456,2.5895,5.4241,6.650
1.217000,1.0009,2.5356,4.5807,5.330
1.219000,-0.2575,3.1116,3.7954,4.915
1.227000,-1.3089,3.7566,2.9876,4.975
1.231000,-2.0633,4.5647,2.7333,5.707
1.248000,-2.6587,4.9338,3.4668,6.590
1.249000,-2.6587,4.9338,3.4668,6.590
1.319000,-2.7037,5.4417,4.6070,7.625
1.322000,-2.5917,5.7231,5.7489,8.516
1.324000,-2.6165,6.0909,7.0742,9.695
1.325000,-2.8302,6.5648,8.1802,10.864
1.327000,-3.0898,6.7517,8.8325,11.539
1.328000,-3.1284,7.1808,9.2798,12.144
1.329000,-3.1851,7.3314,8.9821,12.024
1.330000,-3.0954,7.3188,8.6361,11.736
1.382000,-2.6076,7.0978,6.7442,10.132
1.384000,-2.6013,6.4425,5.4007,8.800
1.385000,-2.5184,5.5792,4.0432,7.336
1.386000,-1.9897,4.8020,3.1396,6.072
1.388000,-0.9576,4.2656,2.9663,5.283
1.389000,0.4334,3.0217,2.4314,3.903
1.390000,0.4334,3.0217,2.4314,3.903
1.393000,2.2689,2.1242,2.1598,3.785
1.405000,3.8746,1.0311,1.4328,4.258
1.413000,4.3327,0.2198,0.2151,4.344
1.438000,4.4018,-0.5052,-1.4571,4.664
1.439000,6.3712,-0.8230,-2.3956,6.856
1.446000,10.0553,-2.0119,-2.7336,10.613
1.493000,12.5702,-4.6145,-1.8604,13.519
1.496000,13.5705,-5.5411,-1.1430,14.703
1.500000,14.2003,-5.8890,-1.8225,15.481
1.502000,14.9605,-5.4920,-2.3664,16.111
1.503000,15.1377,-4.2522,-2.0206,15.853
1.514000,14.5645,-3.5098,-0.9469,15.011
1.516000,12.9344,-3.2731,0.4265,13.349
1.526000,10.7158,-3.5935,1.3577,11.384
1.596000,7.7310,-4.5546,1.7799,9.148
1.598000,4.2658,-5.7693,1.3991,7.310
1.601000,1.1596,-6.9615,0.1652,7.059
1.602000,-1.3508,-7.4738,-1.6782,7.778
1.605000,-2.7929,-7.3257,-3.8245,8.723
1.606000,-3.4775,-6.7806,-5.5759,9.442
1.608000,-3.9139,-6.0574,-6.5772,9.761
1.610000,-4.8996,-6.0144,-5.7341,9.647
1.614000,-6.1099,-6.3690,-4.1783,9.765
1.625000,-6.9295,-6.9321,-2.5101,10.118
1.688000,-7.9463,-7.4917,-1.2124,10.988
1.690000,-9.0314,-7.7131,-0.5207,11.888
1.691000,-9.8831,-7.6163,-0.6650,12.495
1.693000,-10.6663,-7.4797,-1.4856,13.112
1.695000,-11.5005,-7.1572,-2.6228,13.797
1.697000,-11.8526,-6.8381,-3.7528,14.189
1.699000,-11.7871,-6.1784,-4.4165,14.022
1.704000,-10.9244,-5.6985,-4.4295,13.093
1.717000,-8.7719,-5.1044,-3.2779,10.665
1.731000,-6.4385,-4.5744,-1.9142,8.127
1.787000,-3.4238,-4.1754,-0.3386,5.410
1.790000,-0.9609,-3.8394,-0.1388,3.960
1.791000,1.4155,-4.3231,-1.8598,4.914
1.792000,3.8207,-3.3199,-2.9398,5.853
1.794000,8.4471,-0.9365,-2.9248,8.988
1.796000,14.8295,0.7975,-2.3160,15.030
1.797000,19.4993,1.6692,-0.1866,19.571
1.807000,21.2949,2.7513,2.4087,21.607
1.833000,21.5099,3.6989,5.5200,22.513
1.836000,21.5099,3.6989,5.5200,22.513
1.837000,19.0399,5.0715,7.9365,21.242
1.838000,14.8256,5.8906,8.7198,18.181
1.845000,10.3293,5.5637,7.9649,14.181
1.870000,5.9228,4.6608,5.7988,9.509
1.871000,2.2523,4.0067,3.3260,5.674
1.873000,-2.7005,3.4834,0.3637,4.423
1.888000,-3.9720,3.7354,0.2241,5.457
1.889000,-3.9720,3.7354,0.2241,5.457
1.894000,-4.1992,4.4793,1.1562,6.248
1.912000,-3.8378,4.7746,2.9364,6.793
1.914000,-3.6633,4.8860,4.6410,7.670
1.948000,-3.5642,4.8511,6.2543,8.681
1.949000,-3.7524,4.8147,7.6349,9.775
1.951000,-4.0977,4.9862,8.5810,10.737
1.959000,-4.8196,4.8628,8.8517,11.191
1.961000,-4.8196,4.8628,8.8517,11.191
1.963000,-5.5673,4.7090,8.7845,11.417
1.975000,-6.1688,4.2946,8.5544,11.388
1.983000,-6.2478,4.1747,8.6669,11.471
1.998000,-5.9545,3.9660,8.2684,10.934
2.030000,-5.0836,4.1288,7.9383,10.291
2.032000,-3.9578,4.3650,6.9497,9.111
2.038000,-2.6142,4.5234,6.2149,8.119
2.041000,-1.2621,4.6129,5.7816,7.503
2.045000,-0.0795,4.2995,4.8710,6.498
2.054000,0.2322,3.7386,4.5154,5.867
2.065000,1.4130,2.8720,4.2782,5.343
2.077000,3.5662,3.0906,5.1886,7.014
2.082000,5.8968,2.8645,5.2542,8.401
2.097000,7.2348,2.4734,4.6556,8.952
2.129000,8.0223,1.8124,2.4113,8.571
2.131000,8.9598,0.3651,0.6879,8.994
2.132000,9.2536,-0.8742,-1.4246,9.403
2.141000,10.9547,-3.5203,-1.7170,11.634
2.147000,10.6641,-4.6792,-2.5524,11.922
2.153000,13.9035,-3.3236,-2.7055,14.549
2.167000,14.9077,-1.8571,-1.5838,15.106
2.175000,14.1981,-1.5865,0.6897,14.303
2.207000,12.0105,-2.5979,2.7944,12.602
2.209000,8.8114,-3.9823,3.9981,10.463
2.210000,5.3000,-5.3575,3.9378,8.503
2.220000,1.6210,-6.3359,2.8086,7.118
2.234000,-1.4975,-7.2493,1.0159,7.472
2.238000,-3.8522,-7.6001,-1.6333,8.676
2.245000,-5.1611,-7.2122,-3.9209,9.697
2.256000,-5.8010,-6.2772,-6.2437,10.585
2.264000,-6.1434,-5.5543,-7.9032,11.448
2.276000,-6.3630,-4.8226,-8.4348,11.614
2.284000,-6.5340,-4.4576,-7.1431,10.658
2.298000,-6.4348,-4.4534,-4.7340,9.146
2.341000,-6.3700,-4.9317,-2.8184,8.535
2.342000,-6.6751,-5.3131,-0.9180,8.581
2.344000,-6.6751,-5.3131,-0.9180,8.581
2.345000,-7.1506,-5.4137,0.0119,8.969
2.346000,-7.4121,-4.8888,0.3444,8.886
2.348000,-7.6106,-4.3075,-0.3554,8.752
2.355000,-7.7111,-3.5300,-1.2842,8.577
2.367000,-7.2865,-2.8064,-2.0083,8.062
2.379000,-6.1058,-2.1292,-2.8936,7.084
2.389000,-4.4134,-1.4790,-2.5371,5.301
2.390000,-4.4134,-1.4790,-2.5371,5.301
2.398000,-2.7510,-1.5606,-1.6149,3.551
2.438000,-0.1539,-1.5611,-0.8109,1.766
2.440000,2.9439,-1.1298,-0.3234,3.170
2.441000,7.4528,-1.2673,-3.8059,8.464
2.442000,8.0590,-0.6959,-6.7623,10.543
2.444000,10.3236,0.8653,-8.8107,13.600
2.459000,15.3371,0.8995,-8.2369,17.432
2.460000,15.3371,0.8995,-8.2369,17.432
2.464000,16.6745,-0.3809,-4.0501,17.164
2.476000,16.3042,-1.0663,1.1827,16.382
2.484000,16.4990,-1.2962,6.3594,17.730
2.498000,14.2696,0.4634,10.8597,17.938
2.503000,11.0183,2.8049,12.4973,16.895
2.518000,7.7270,3.3174,10.6336,13.557
2.556000,3.6668,3.6006,7.5071,9.098
2.559000,0.0587,3.6706,3.2622,4.911
2.563000,-2.2924,3.7048,-0.0190,4.357
2.567000,-4.0763,3.9282,-1.5169,5.861
2.570000,-5.1227,3.9360,-1.5540,6.644
2.577000,-5.4067,3.9744,0.0599,6.711
2.583000,-5.1124,3.8709,3.0934,7.120
2.599000,-5.1717,3.5560,6.3192,8.906
2.601000,-5.1717,3.5560,6.3192,8.906
2.610000,-5.3939,3.3514,8.8869,10.923
2.615000,-5.7895,3.2898,10.3210,12.283
2.665000,-5.7689,3.7080,10.8138,12.805
2.666000,-5.6646,4.6331,9.1902,11.748
2.668000,-5.4601,5.4212,7.9643,11.074
2.669000,-5.2229,4.4878,7.7154,10.341
2.671000,-3.5276,7.1284,5.3636,9.593
2.675000,-2.4670,6.4104,5.8474,9.021
2.685000,-2.2195,5.1941,5.7036,8.027
2.696000,-2.1157,3.9886,6.6527,8.040
2.717000,-2.8181,2.2114,6.4575,7.385
2.720000,-2.8860,1.0434,5.8752,6.628
2.761000,-0.7761,2.2888,6.2446,6.696
2.763000,2.4698,2.9700,6.9060,7.913
2.765000,5.0303,3.7710,7.0142,9.419
2.767000,7.7030,4.1083,6.4791,10.872
2.769000,8.6074,3.2097,5.0692,10.492
2.776000,8.9929,1.8359,3.3137,9.758
2.785000,9.8509,0.1350,1.5503,9.973
2.798000,10.8293,-2.2226,0.0659,11.055
2.812000,11.1611,-5.6397,-0.1668,12.506
2.816000,11.2441,-6.8343,-1.0948,13.204
2.861000,13.6651,-6.1438,-1.4781,15.055
2.864000,14.7407,-4.0120,-1.9748,15.404
2.867000,13.7935,-3.2546,-0.7223,14.191
2.871000,11.1906,-3.4165,0.6921,11.721
2.873000,8.0513,-4.1000,1.3781,9.140
2.874000,4.6778,-4.9224,1.4159,6.937
2.905000,1.0447,-5.4794,0.0646,5.578
2.907000,1.0447,-5.4794,0.0646,5.578
2.908000,-1.9580,-6.2249,-1.5714,6.712
2.909000,-4.3493,-6.3873,-3.2887,8.398
2.915000,-5.8574,-6.5741,-5.2015,10.227
2.943000,-6.8454,-6.2465,-6.7292,11.452
2.945000,-6.8727,-5.4392,-7.7625,11.708
2.946000,-6.6843,-4.9670,-8.1772,11.671
2.959000,-6.6521,-4.3688,-7.1882,10.724
2.961000,-6.6521,-4.3688,-7.1882,10.724
2.964000,-6.6047,-4.4158,-5.0736,9.427
2.977000,-7.2616,-5.9169,-0.8785,9.408
2.986000,-7.8307,-6.7477,0.6032,10.354
2.995000,-8.3664,-7.3920,1.8175,11.311
3.023000,-9.3164,-7.5200,2.6354,12.259
3.025000,-9.8650,-7.4663,2.3242,12.588
3.028000,-9.5649,-6.5555,1.1798,11.656
3.035000,-8.6503,-5.5981,-0.5031,10.316
3.065000,-7.0698,-4.6236,-1.6080,8.599
3.067000,-5.4419,-4.0689,-2.0020,7.084
3.069000,-3.4521,-3.6143,-1.4288,5.198
3.079000,-0.7994,-3.3026,-0.8202,3.496
3.083000,1.7157,-3.7820,-1.6862,4.482
3.099000,4.3628,-5.1827,-4.1844,7.963
3.101000,4.3628,-5.1827,-4.1844,7.963
3.113000,7.4176,-4.4839,-4.9904,10.001
3.116000,14.6235,-1.3182,-4.5258,15.365
3.155000,22.0658,0.9822,-3.3187,22.336
3.157000,25.1119,1.7258,-0.2925,25.173
3.158000,25.7637,1.6419,3.5416,26.058
3.160000,24.1165,2.0777,7.8799,25.456
3.168000,20.2390,3.9020,11.1704,23.444
3.176000,15.8915,5.6822,11.2348,20.274
3.186000,12.1042,6.4317,9.2459,16.534
3.196000,8.5959,6.9907,6.0550,12.626
3.215000,5.1879,7.2301,2.4711,9.236
3.219000,2.2698,7.4521,-0.7175,7.823
3.258000,-0.3403,7.6931,-2.5248,8.104
3.259000,-2.3959,7.6975,-3.0420,8.617
3.260000,-2.5221,7.9927,1.3625,8.491
3.262000,-2.2805,7.7011,4.5020,9.207
3.265000,-2.4751,7.4065,6.7529,10.324
3.277000,-3.1273,6.8955,8.4601,11.353
3.285000,-3.9966,6.8425,9.1275,12.087
3.298000,-4.5638,6.5929,8.8247,11.923
3.304000,-4.7853,6.4818,8.1747,11.478
3.325000,-4.8324,5.9327,7.5811,10.771
3.329000,-4.8324,5.9327,7.5811,10.771
3.329000,-4.4852,5.6898,7.2476,10.248
3.337000,-3.9457,5.1705,7.0113,9.563
3.369000,-2.7244,4.5246,7.2980,9.009
3.371000,-2.4555,3.8957,6.5377,7.997
3.374000,-1.9858,3.0746,7.2027,8.079
3.375000,-1.3436,2.0323,8.4653,8.809
3.393000,-1.0408,0.6943,9.2671,9.351
3.395000,-1.0408,0.6943,9.2671,9.351
3.396000,0.6767,1.0437,9.4646,9.546
3.409000,2.1552,0.9527,6.9755,7.363
3.416000,4.8868,3.0409,6.7370,8.861
3.432000,7.3428,2.2841,6.1220,9.829
3.434000,8.2263,1.3782,3.8155,9.172
3.483000,9.2175,-0.4515,1.7608,9.395
3.484000,10.8920,-2.4934,-0.2195,11.176
3.486000,11.6445,-4.7940,-0.9337,12.627
3.487000,13.1686,-6.8023,-1.2533,14.875
3.491000,15.1920,-7.2758,-3.5628,17.217
3.498000,17.4585,-4.8581,-2.9011,18.353
3.519000,17.3171,-2.1480,-1.6936,17.532
3.521000,12.4473,-3.1584,2.8458,13.153
3.529000,8.1740,-4.6102,4.2077,10.285
3.531000,8.1740,-4.6102,4.2077,10.285
3.535000,4.2299,-6.1182,4.4235,8.654
3.579000,0.9683,-6.9222,3.5809,7.854
3.581000,-1.5638,-7.2951,1.7104,7.654
3.582000,-3.1021,-7.2542,-0.8985,7.941
3.584000,-4.3942,-6.9541,-3.3191,8.870
3.586000,-5.4013,-6.7722,-5.7539,10.399
3.599000,-5.9071,-6.2581,-7.3328,11.306
3.601000,-5.9071,-6.2581,-7.3328,11.306
3.605000,-6.3118,-5.9395,-8.0167,11.806
3.631000,-6.8476,-5.8149,-6.6355,11.168
3.633000,-7.1775,-6.4756,-4.3089,10.584
3.639000,-7.5385,-7.3222,-2.0422,10.706
3.663000,-8.1274,-8.0612,-0.2347,11.450
3.664000,-8.8353,-8.8126,0.7376,12.501
3.666000,-9.7026,-9.4323,1.0501,13.572
3.677000,-10.2439,-9.3568,0.8596,13.901
3.686000,-9.8492,-8.9429,-0.0014,13.303
3.697000,-9.0589,-8.3193,-0.6989,12.319
3.706000,-7.9111,-7.6673,-1.4823,11.116
3.719000,-6.0188,-7.2616,-1.6339,9.572
3.726000,-4.2871,-7.1602,-1.3111,8.448
3.738000,-2.2073,-6.5532,-0.2464,6.919
3.778000,-0.1014,-5.8628,0.5137,5.886
3.780000,3.0769,-5.4280,-0.6239,6.271
3.782000,5.3632,-5.0873,-3.2044,8.057
3.785000,7.5853,-3.0912,-5.1827,9.693
3.789000,18.1724,-0.3954,-3.5362,18.518
3.794000,20.1836,0.3660,1.7262,20.261
3.815000,22.9333,1.1033,8.1821,24.374
3.818000,22.4016,3.6828,14.4347,26.903
3.863000,19.2008,7.0398,16.8230,26.481
3.865000,15.6476,8.0832,13.2267,22.026
3.867000,11.1871,8.2692,7.6104,15.857
3.869000,6.2291,8.0032,2.2742,10.393
3.870000,1.4432,7.2782,-2.2090,7.742
3.875000,-2.0455,6.7888,-3.7677,8.029
3.889000,-3.5124,7.0548,-3.1612,8.491
3.891000,-3.5124,7.0548,-3.1612,8.491
3.896000,-3.7132,7.8047,-1.0592,8.708
3.914000,-3.5677,7.5773,2.3381,8.695
3.917000,-3.8109,6.8702,5.3557,9.508
3.963000,-4.5345,6.1416,7.7580,10.884
3.965000,-5.3710,5.8262,8.9667,11.966
3.966000,-6.3236,5.3401,7.8256,11.391
3.968000,-7.3731,4.8042,7.4180,11.510
3.969000,-7.6076,4.0919,6.5352,10.832
3.978000,-6.5114,4.0562,6.1220,9.815
3.986000,-5.4051,4.5928,5.3712,8.897
3.996000,-4.3391,5.0376,4.9926,8.315
4.017000,-3.5509,3.4345,3.7176,6.183
4.019000,-3.6612,2.6047,4.9127,6.658
4.064000,-4.2725,1.6677,5.7034,7.319
4.065000,-4.2725,1.6677,5.7034,7.319
4.066000,-3.7221,1.1183,5.7501,6.940
4.068000,-2.6882,1.9256,6.2522,7.073
4.069000,-1.5398,2.3115,7.5762,8.069
4.071000,4.7483,4.2958,7.2967,9.708
4.079000,6.5930,4.5679,7.1901,10.772
4.084000,8.5336,5.0839,6.3020,11.764
4.100000,9.9131,3.9484,5.4458,11.980
4.101000,9.9131,3.9484,5.4458,11.980
4.106000,10.2754,1.8488,4.3923,11.327
4.117000,10.7796,-1.3003,2.2835,11.095
4.163000,11.6215,-4.1782,2.1364,12.533
4.164000,12.8233,-6.6498,0.4274,14.451
4.166000,15.4654,-6.0050,-1.5817,16.666
4.168000,18.2283,-3.9029,-2.9129,18.868
4.171000,18.7252,0.0430,-0.6928,18.738
4.173000,18.7252,0.0430,-0.6928,18.738
4.178000,17.2655,0.3869,0.5310,17.278
4.188000,13.9222,-1.0515,2.7535,14.231
4.195000,9.5753,-3.3597,4.7037,11.185
4.221000,5.5073,-4.7519,5.2326,8.961
4.223000,1.9513,-5.5451,3.8702,7.038
4.258000,-1.2120,-5.9809,1.7157,6.339
4.261000,-3.6837,-6.4624,-0.3606,7.447
4.262000,-5.5056,-6.9066,-2.2006,9.102
4.264000,-6.2849,-6.8587,-3.7585,10.033
4.266000,-6.3714,-5.9047,-6.0000,10.557
4.278000,-5.9845,-4.7706,-7.6550,10.825
4.289000,-5.6413,-4.0029,-8.0585,10.620
4.295000,-5.7551,-4.1786,-7.1845,10.109
4.309000,-6.1366,-5.0409,-5.1900,9.487
4.317000,-6.6234,-6.4010,-2.8679,9.647
4.339000,-7.4232,-7.8742,-0.6245,10.840
4.343000,-9.2791,-9.5794,2.7755,13.622
4.399000,-9.9330,-9.7283,3.2398,14.276
4.401000,-9.9183,-9.6767,2.4449,14.071
4.402000,-8.7889,-8.8906,1.3666,12.576
4.403000,-7.0358,-7.8584,0.7080,10.572
4.409000,-4.4759,-5.9721,-0.0554,7.463
4.411000,-1.1953,-4.3045,-0.6570,4.515
4.412000,1.7121,-3.1390,-0.7967,3.663
4.418000,3.8680,-3.6509,-2.3047,5.797
4.436000,5.8042,-3.8103,-3.2124,7.650
4.438000,10.0573,-3.5001,-3.3410,11.161
4.483000,16.0237,-3.5672,-2.0844,16.548
4.486000,18.8898,-3.4798,1.1809,19.244
4.487000,20.5364,-2.7608,4.8235,21.275
4.489000,21.2804,-1.0655,9.9321,23.508
4.491000,18.5774,1.7146,13.9471,23.293
4.497000,14.2789,3.2681,14.2873,20.462
4.516000,9.6366,3.5444,10.8966,14.972
4.518000,5.1049,3.5731,5.7676,8.491
4.570000,0.4970,3.8890,0.9324,4.030
4.572000,0.4970,3.8890,0.9324,4.030
4.573000,-2.6220,3.8741,-1.7581,4.997
4.574000,-3.6136,4.1425,-1.3339,5.657
4.577000,-3.3723,5.0482,-0.4084,6.085
4.579000,-2.7912,5.9908,1.6231,6.805
4.581000,-2.1426,6.5250,4.1351,8.017
4.587000,-2.4246,6.5740,5.4226,8.860
4.600000,-3.3185,6.9217,5.7795,9.609
4.601000,-3.3185,6.9217,5.7795,9.609
4.606000,-4.6699,7.2699,5.3375,10.156
4.626000,-4.7679,6.9300,5.0776,9.825
4.635000,-4.4606,6.1261,5.5264,9.379
4.637000,-4.1655,5.6672,5.0411,8.653
4.670000,-3.8571,4.5515,5.4413,8.075
4.672000,-3.7870,4.0758,5.9987,8.182
4.675000,-3.6277,3.9353,6.6974,8.573
4.679000,-3.6277,3.9353,6.6974,8.573
4.680000,-3.4025,3.1225,7.7450,9.017
4.688000,-2.4682,3.4513,8.6591,9.643
4.696000,-1.3592,3.6341,9.5143,10.275
4.717000,-0.5350,3.8344,9.5409,10.296
4.720000,0.4478,3.5448,8.6063,9.319
4.777000,2.0571,3.4153,7.1462,8.183
4.779000,3.7836,3.6892,5.9228,7.938
4.782000,5.2865,3.6063,4.7624,7.977
4.784000,6.4928,3.0451,3.6009,8.025
4.786000,8.4320,2.2148,2.1104,8.970
4.787000,11.1653,0.5509,0.6792,11.200
4.790000,13.4146,-0.9040,0.0250,13.445
4.795000,16.2925,-2.5704,-0.0468,16.494
4.814000,19.4157,-3.7179,-0.1397,19.769
4.818000,21.2495,-2.8325,-1.2668,21.475
4.828000,20.8216,-1.4789,-1.1145,20.904
4.838000,18.3059,-1.9144,0.4518,18.411
4.852000,14.8098,-3.2768,2.3913,15.355
4.860000,10.3398,-4.3559,3.8179,11.852
4.865000,6.6179,-5.3199,4.3838,9.556
4.909000,2.6896,-6.0320,3.6724,7.557
4.912000,-3.2635,-7.4347,-0.1433,8.121
4.913000,-4.9624,-7.9114,-2.5698,9.686
4.914000,-5.9730,-7.8048,-4.8035,10.939
4.917000,-6.2661,-7.2857,-6.4772,11.589
4.930000,-6.0288,-6.2285,-7.2451,11.297
4.935000,-5.9029,-5.7510,-6.5790,10.545
4.958000,-6.1678,-5.6314,-5.0766,9.774
4.960000,-6.7182,-6.2687,-3.0465,9.680
4.995000,-7.4544,-7.3368,-1.0286,10.510
4.998000,-8.4447,-8.3451,0.9798,11.913
4.999000,-9.3101,-8.6209,2.5756,12.947
5.001000,-9.6460,-8.4822,3.4354,13.296
5.010000,-9.6591,-7.8140,3.4307,12.889
5.016000,-9.2372,-7.1860,2.2243,11.913
5.031000,-8.3634,-5.9374,1.0229,10.308
5.032000,-8.3634,-5.9374,1.0229,10.308
5.036000,-7.0737,-5.0083,-0.1025,8.668
5.052000,-5.2166,-4.2135,-0.9545,6.773
5.104000,-2.4393,-3.4924,-0.6791,4.314
5.106000,-0.0170,-2.5516,0.0299,2.552
5.108000,3.4371,-1.8833,1.0451,4.056
5.109000,6.6264,-1.9642,1.1315,7.003
5.111000,9.3348,-2.3840,0.2621,9.638
5.113000,9.3348,-2.3840,0.2621,9.638
5.115000,11.0897,-2.3477,-1.3195,11.412
5.119000,13.0343,-1.9955,-2.9148,13.505
5.136000,15.1860,-1.9827,-3.1184,15.629
5.139000,16.4779,-1.9707,-1.0616,16.629
5.191000,17.2651,-1.5062,2.2779,17.480
5.192000,15.9626,1.3046,10.1548,18.964
5.194000,12.6657,2.6407,11.9530,17.614
5.196000,12.6657,2.6407,11.9530,17.614
5.197000,9.4291,3.0854,10.5835,14.506
5.199000,5.6357,3.2050,6.7410,9.353
5.200000,2.2379,3.4390,2.8267,4.982
5.207000,-0.5458,3.9234,-0.3755,3.979
5.220000,-2.4106,5.3027,-2.1403,6.206
5.226000,-3.3804,6.4934,-2.6270,7.778
5.273000,-3.4327,6.9091,-1.6945,7.899
5.279000,-3.3053,7.0327,0.5608,7.791
5.280000,-3.7628,6.8818,3.0844,8.428
5.284000,-4.3964,6.5526,4.9916,9.337
5.288000,-5.1919,6.1531,6.3914,10.279
5.290000,-5.8015,5.2177,7.3344,10.709
5.295000,-6.3342,4.5815,8.3378,11.429
5.311000,-6.6897,3.7896,8.5622,11.508
5.312000,-6.6897,3.7896,8.5622,11.508
5.317000,-6.6385,3.4657,8.7264,11.499
5.337000,-6.3660,3.3205,8.0456,10.783
5.340000,-5.3604,3.8551,7.0971,9.694
5.385000,-4.0693,4.5893,5.4386,8.198
5.387000,-3.2636,5.1195,4.4768,7.543
5.389000,-2.6628,4.1684,3.3548,5.977
5.391000,-2.0524,2.8623,4.1094,5.412
5.392000,-0.3377,2.6727,5.1172,5.783
5.398000,1.1128,1.7103,5.4654,5.834
5.409000,3.2798,0.8575,5.5790,6.528
5.417000,5.4191,1.6198,8.2484,10.001
5.437000,7.9994,2.2667,5.1924,9.802
5.449000,9.4716,2.2438,2.7463,10.114
5.450000,10.3633,1.0491,-0.1801,10.418
5.459000,11.5611,-0.6162,-1.9196,11.736
5.494000,11.3466,-2.6357,-2.3535,11.884
5.497000,11.2455,-4.5836,-3.6065,12.668
5.498000,11.8220,-5.1738,-4.6219,13.707
5.500000,11.8985,-3.5284,-4.5490,13.218
5.510000,12.4180,-1.4541,-2.3771,12.727
5.516000,11.4961,-1.1343,0.5397,11.565
5.536000,8.9734,-2.0281,2.6086,9.562
5.539000,8.9734,-2.0281,2.6086,9.562
5.540000,5.5698,-3.6308,3.8324,7.674
5.636000,1.9881,-4.8599,3.5534,6.340
5.638000,1.9881,-4.8599,3.5534,6.340
5.639000,-1.0607,-5.7548,2.5469,6.382
5.642000,-3.4389,-6.2358,1.1623,7.215
5.643000,-5.0722,-6.4024,-0.4455,8.180
5.645000,-5.9341,-6.4627,-2.3354,9.079
5.647000,-6.2890,-6.2183,-4.1374,9.764
5.648000,-6.2890,-6.2183,-4.1374,9.764
5.649000,-6.8693,-6.0807,-5.8482,10.880
5.650000,-7.5659,-5.8571,-6.6356,11.644
5.651000,-7.7501,-5.9334,-6.2449,11.587
5.653000,-8.0820,-6.4471,-4.6450,11.334
5.654000,-8.2033,-7.3265,-2.6202,11.307
5.661000,-8.4487,-8.0340,-0.5503,11.672
5.671000,-8.4764,-8.4761,1.3634,12.065
5.678000,-8.0931,-8.5717,2.7676,12.109
5.721000,-7.7363,-8.2395,3.3851,11.798
5.722000,-7.0032,-7.7004,2.7551,10.767
5.723000,-4.3966,-6.5997,0.4344,7.942
5.725000,-1.5744,-4.5311,-0.4565,4.818
5.727000,1.0312,-2.9703,-0.9887,3.296
5.740000,3.4868,-1.8033,-0.4865,3.956
5.754000,6.1033,-1.0533,0.2680,6.199
5.759000,7.7394,-1.1445,-0.0954,7.824
5.811000,7.9066,-0.4245,-0.6251,7.943
5.813000,10.3783,0.9821,-0.7707,10.453
5.814000,14.1571,1.7185,0.5521,14.272
5.816000,15.8557,1.9693,3.1270,16.281
5.817000,17.4122,2.4285,6.5327,18.755
5.821000,17.4122,2.4285,6.5327,18.755
5.824000,18.2238,3.0237,9.7180,20.873
5.830000,15.5441,4.2223,11.9566,20.060
5.838000,12.5917,4.7091,10.9493,17.338
5.858000,9.2515,5.0610,7.0670,12.694
5.861000,6.2531,5.6038,2.7866,8.847
5.919000,2.7773,6.5320,-1.8688,7.340
5.921000,-0.2176,7.2028,-5.0007,8.771
5.922000,-2.7099,7.5859,-6.1351,10.126
5.924000,-4.4680,7.4467,-5.4599,10.258
5.925000,-5.3978,6.5843,-2.4912,8.871
5.926000,-5.9133,5.6551,0.6016,8.204
5.932000,-6.4395,4.6241,3.0790,8.505
5.937000,-6.7177,4.2819,4.9431,9.375
5.955000,-7.1957,3.8465,5.4136,9.792
5.968000,-7.9422,3.4222,4.8966,9.938
5.969000,-8.5937,2.8839,4.0263,9.919
6.024000,-8.2173,2.7781,2.4191,9.005
6.025000,-7.3400,3.1046,2.1381,8.251
6.027000,-6.1854,3.2308,2.3170,7.353
6.028000,-5.4232,3.1665,3.0315,6.973
6.032000,-5.2753,2.3869,3.2362,6.633
6.033000,-4.2002,2.4903,4.6079,6.714
6.038000,-3.8167,1.5741,5.5410,6.910
6.055000,-3.1233,0.9691,6.7352,7.487
6.060000,-1.9169,0.5224,8.2464,8.482
6.112000,-0.1831,0.6912,8.5398,8.570
6.115000,1.6053,1.7396,7.7527,8.106
6.116000,2.8761,3.2911,6.6569,7.963
6.117000,4.1771,4.0410,4.5238,7.365
6.119000,4.1771,4.0410,4.5238,7.365
6.120000,6.0538,3.3943,3.4144,7.735
6.122000,6.9731,2.4195,2.2861,7.727
6.128000,7.8045,0.6290,1.1736,7.917
6.143000,10.1908,-1.3534,1.3469,10.368
6.146000,13.3563,-2.7670,0.8273,13.665
6.186000,15.5126,-1.4382,-0.1372,15.580
6.188000,15.7242,0.0160,-0.2386,15.726
6.189000,14.1235,-0.3005,0.5992,14.139
6.190000,11.4052,-1.8643,2.3283,11.789
6.200000,8.3057,-3.5279,3.5504,9.697
6.208000,5.1224,-5.0304,3.7114,8.082
6.221000,1.8907,-6.1992,2.1925,6.842
6.226000,-1.3322,-6.9643,0.0039,7.091
6.248000,-3.6871,-6.9404,-2.3955,8.216
6.250000,-3.6871,-6.9404,-2.3955,8.216
6.251000,-5.0572,-5.9862,-7.2078,10.647
6.260000,-5.6219,-5.3613,-8.7712,11.717
6.294000,-5.7708,-5.0875,-9.4323,12.172
6.295000,-5.9763,-5.0692,-8.7995,11.783
6.297000,-6.1404,-5.1867,-7.3266,10.876
6.303000,-6.3759,-5.8249,-5.1619,10.061
6.309000,-6.5351,-6.7351,-2.7602,9.782
6.319000,-6.5041,-7.5477,-0.1136,9.964
6.329000,-6.2424,-7.8894,2.1817,10.294
6.340000,-5.9764,-7.8863,3.4581,10.482
6.397000,-5.8291,-7.4653,3.3158,10.035
6.399000,-5.5020,-6.5402,1.7064,8.715
6.401000,-4.3436,-5.3451,0.4112,6.900
6.403000,-2.7667,-3.8329,-0.2982,4.736
6.404000,-2.7667,-3.8329,-0.2982,4.736
6.405000,-0.7029,-2.4840,-0.6406,2.660
6.407000,1.3467,-1.4756,0.0878,2.000
6.408000,3.0284,-0.8238,0.8488,3.251
6.422000,4.9707,-0.4349,0.4554,5.010
6.427000,5.8612,0.2046,-0.7316,5.910
6.447000,6.7111,2.0237,-0.9329,7.071
6.449000,8.9469,3.8267,-1.7372,9.885
6.459000,11.9239,3.8510,-1.4953,12.619
6.489000,13.3449,3.0294,1.3600,13.752
6.491000,14.2382,2.0960,4.1536,14.979
6.492000,14.2102,1.2917,7.5042,16.122
6.501000,12.0040,1.3496,10.6350,16.094
6.506000,9.6816,1.6657,11.1377,14.851
6.521000,7.4547,2.3147,8.2683,11.371
6.529000,1.8177,4.5488,0.2872,4.907
6.543000,-0.7728,5.3198,-2.8771,6.097
6.598000,-2.9424,5.8725,-4.5173,7.972
6.599000,-4.5260,5.9263,-3.9569,8.442
6.600000,-5.3397,5.4448,-1.6073,7.794
6.602000,-5.4974,4.9237,1.1141,7.464
6.603000,-5.4669,4.5465,3.2499,7.818
6.608000,-5.6141,4.2740,4.6551,8.453
6.610000,-5.9426,4.2038,4.8654,8.755
6.620000,-6.3361,4.0816,4.2994,8.677
6.628000,-6.4235,4.0938,3.2239,8.271
6.641000,-6.0892,4.2183,2.4151,7.791
6.647000,-5.3368,4.4804,2.3818,7.364
6.669000,-4.5359,4.4577,1.8174,6.614
6.671000,-4.2950,4.1379,2.0805,6.316
6.679000,-3.9017,3.6901,3.0202,6.161
6.705000,-3.8899,2.7429,3.5812,5.956
6.707000,-4.2281,1.6583,3.3425,5.639
6.709000,-3.9677,1.4222,4.4781,6.150
6.723000,-3.0535,1.7285,5.1399,6.223
6.727000,-1.6777,2.5151,5.7759,6.519
6.742000,0.2378,2.7002,5.1774,5.844
6.744000,0.2378,2.7002,5.1774,5.844
6.748000,2.5547,3.8984,4.9673,6.812
6.798000,4.5902,4.4655,5.7552,8.610
6.803000,4.7392,4.2180,5.7002,8.529
6.806000,4.9790,3.3817,4.3499,7.426
6.810000,5.5132,2.3317,2.7681,6.595
6.812000,6.3651,-0.1969,0.3565,6.378
6.814000,7.9707,-2.2436,-0.0858,8.281
6.816000,7.9707,-2.2436,-0.0858,8.281
6.819000,10.9540,-3.9769,-0.7253,11.676
6.830000,12.6790,-3.5733,0.8095,13.198
6.839000,13.0596,-1.9079,2.5001,13.433
6.849000,12.7332,-1.7582,4.2303,13.532
6.862000,10.5415,-2.4460,6.0101,12.379
6.869000,7.6487,-3.9504,6.5276,10.804
6.883000,4.3353,-5.3599,5.5406,8.844
6.884000,4.3353,-5.3599,5.5406,8.844
6.927000,0.9546,-6.3007,3.3706,7.209
6.929000,-1.8089,-6.7964,0.3253,7.041
6.930000,-3.4134,-6.7498,-2.5559,7.984
6.931000,-4.4960,-6.1039,-4.9074,9.031
6.934000,-4.9583,-5.2034,-7.2759,10.227
6.941000,-5.0004,-3.8188,-8.8489,10.858
6.949000,-5.1171,-3.0373,-9.2862,11.029
6.959000,-5.1195,-2.6756,-8.1557,9.994
6.974000,-5.1771,-3.0877,-6.3160,8.731
6.979000,-5.3970,-4.0566,-4.2455,7.976
7.041000,-5.6728,-4.6816,-2.0846,7.645
7.043000,-5.6401,-5.1457,-0.3271,7.642
7.044000,-5.4932,-5.4260,0.8552,7.768
7.046000,-5.3571,-5.0567,1.4213,7.503
7.048000,-5.3571,-5.0567,1.4213,7.503
7.049000,-5.0156,-4.6823,0.9627,6.929
7.053000,-4.5056,-3.8945,-0.1511,5.957
7.055000,-3.4946,-3.2009,-1.2061,4.890
7.061000,-2.1663,-2.4762,-1.7588,3.731
7.077000,1.2643,-1.6817,-0.6560,2.204
7.080000,2.4582,-1.9608,0.2876,3.158
7.138000,3.3931,-2.1429,0.2447,4.021
7.139000,3.5731,-1.7199,-0.9437,4.076
7.140000,4.9392,-0.3760,-1.8574,5.290
7.141000,8.4828,0.9103,-2.0693,8.779
7.143000,11.3240,0.8506,-0.3061,11.360
7.147000,12.1868,0.1628,2.3610,12.414
7.158000,13.0625,-0.7987,4.5413,13.852
7.160000,12.3532,-1.0659,7.1653,14.321
7.175000,9.6026,-0.5932,9.0278,13.193
7.188000,7.4204,-0.0021,7.9034,10.841
7.236000,4.9871,1.5192,4.2094,6.701
7.237000,2.6795,3.6038,-0.1667,4.494
7.239000,0.7770,5.3158,-3.7045,6.526
7.240000,-1.6461,6.5333,-5.5384,8.722
7.242000,-3.8520,6.8208,-5.8848,9.798
7.244000,-5.3738,6.1663,-4.2117,9.200
7.245000,-5.3738,6.1663,-4.2117,9.200
7.248000,-5.9027,5.4124,-1.8353,8.216
7.260000,-6.2191,4.5928,0.4090,7.742
7.278000,-6.6828,4.1431,1.8508,8.078
7.281000,-7.0108,3.9399,2.6606,8.471
7.340000,-7.0771,3.7308,2.9836,8.538
7.342000,-7.1691,3.7186,2.9218,8.588
7.343000,-7.2132,3.2661,2.4007,8.274
7.344000,-7.2132,3.2661,2.4007,8.274
7.345000,-7.0624,3.0372,1.8313,7.903
7.347000,-6.6637,2.7517,1.8517,7.443
7.349000,-5.9792,2.6798,2.1848,6.907
7.351000,-4.8113,2.6778,3.8096,6.696
7.362000,-4.6017,2.2855,4.1409,6.599
7.368000,-4.7135,2.2269,4.2970,6.756
7.384000,-4.9790,1.9506,4.0117,6.685
7.385000,-4.9790,1.9506,4.0117,6.685
7.389000,-4.9606,1.5677,3.8828,6.492
7.401000,-4.4503,1.2643,3.9896,6.109
7.446000,-3.2545,1.2368,4.4411,5.643
7.448000,-1.5881,1.8565,4.5073,5.127
7.450000,0.4900,2.7593,5.2138,5.919
7.451000,2.0817,3.5047,4.9897,6.443
7.453000,4.4563,4.2352,3.1002,6.885
7.460000,7.1467,4.0963,1.4155,8.358
7.480000,8.1194,3.3671,0.0725,8.790
7.482000,9.4376,0.8611,-1.6055,9.612
7.548000,12.7400,-0.8161,-2.5301,13.014
7.551000,15.0097,0.0793,-2.8174,15.272
7.553000,16.1033,1.4354,-0.9059,16.192
7.555000,15.0858,0.9314,1.5283,15.192
7.556000,12.3231,-0.9711,3.5632,12.865
7.558000,8.7041,-2.8632,5.0776,10.476
7.560000,4.9736,-4.3976,5.4461,8.587
7.561000,1.5542,-5.3712,4.2527,7.025
7.578000,-1.7082,-5.9743,1.5062,6.394
7.579000,-3.6720,-6.1831,-1.6640,7.381
7.645000,-4.3366,-5.4810,-4.3241,8.219
7.648000,-4.7864,-4.6348,-6.6116,9.386
7.650000,-5.3122,-3.9865,-8.1337,10.501
7.652000,-5.4750,-4.0086,-7.4123,10.049
7.655000,-5.4939,-4.4515,-5.4506,8.928
7.656000,-5.4168,-5.0261,-3.5682,8.206
7.657000,-5.6883,-5.7548,-2.0587,8.349
7.663000,-6.0127,-6.1274,-1.1983,8.668
7.679000,-6.4432,-6.6659,-0.8569,9.310
7.682000,-7.2184,-6.6570,-0.9356,9.864
7.750000,-7.5518,-6.7022,-1.5737,10.219
7.752000,-7.4488,-6.3545,-2.4191,10.085
7.756000,-7.1117,-5.9773,-3.0601,9.781
7.757000,-5.7307,-5.5344,-3.0861,8.544
7.759000,-3.7584,-5.0000,-2.1296,6.608
7.760000,-1.4261,-4.5811,-1.0080,4.903
7.762000,0.6491,-4.1146,0.4679,4.192
7.763000,2.1443,-4.0326,1.6686,4.862
7.778000,2.5028,-4.3086,0.3954,4.998
7.780000,3.2116,-3.7591,-1.2359,5.096
7.874000,7.2329,-1.8166,-2.5106,7.869
7.876000,12.8130,-1.3448,-1.8019,13.009
7.877000,16.6020,-0.9874,2.5314,16.823
7.879000,16.6020,-0.9874,2.5314,16.823
7.880000,19.5065,-1.2190,5.7951,20.386
7.883000,19.9624,-0.9892,10.2880,22.479
7.885000,16.5436,0.2360,13.7033,21.483
7.886000,13.3367,1.6981,12.8708,18.612
7.889000,10.2370,2.5867,8.7798,13.732
7.891000,6.6244,4.0662,1.9447,8.012
7.892000,3.5550,4.9418,-3.7975,7.175
7.893000,-2.0036,6.2862,-8.5871,10.829
7.901000,-3.1823,5.9275,-5.7147,8.827
7.914000,-3.6409,5.3944,-1.9120,6.783
7.979000,-3.7394,4.8825,1.7964,6.407
7.981000,-3.7297,4.8184,1.7953,6.352
7.982000,-4.4176,4.9973,5.3535,8.553
7.983000,-5.1050,5.3714,5.4150,9.178
7.985000,-5.4655,5.8163,5.0327,9.436
7.987000,-5.4874,5.9887,4.6825,9.376
7.989000,-5.1614,6.1552,4.2558,9.091
7.992000,-4.6168,6.2911,3.8599,8.706
8.004000,-4.1162,6.0767,3.3385,8.063
8.016000,-4.0558,5.8370,3.0778,7.746
8.090000,-4.2391,4.7688,3.0047,7.053
8.091000,-4.2391,4.7688,3.0047,7.053
8.093000,-4.0997,4.1311,3.8944,7.003
8.094000,-3.7726,3.5643,5.2706,7.397
8.095000,-3.1900,3.2403,6.6545,8.060
8.097000,-2.5120,2.6753,7.2640,8.138
8.099000,-1.7328,2.5063,7.3524,7.959
8.101000,-0.0220,2.7600,6.7297,7.274
8.104000,1.9470,3.6107,6.0598,7.318
8.107000,3.4827,4.5511,5.2806,7.793
8.114000,4.8077,4.6862,3.8475,7.738
8.137000,6.5791,3.8237,2.2607,7.938
8.139000,7.8916,2.7452,1.1360,8.432
8.147000,9.5540,0.6952,0.4788,9.591
8.149000,11.1287,-1.8959,0.7608,11.315
8.178000,13.1875,-3.9599,-0.0121,13.769
8.180000,17.5862,-1.3039,0.1315,17.635
8.181000,17.5685,-0.4363,2.4400,17.743
8.195000,15.8837,-1.2161,5.4043,16.822
8.201000,12.2092,-3.2851,6.9598,14.432
8.248000,7.5468,-5.4015,6.6412,11.412
8.250000,2.9998,-7.1445,4.8262,9.129
8.251000,-0.8667,-8.0348,1.8403,8.288
8.252000,-3.4241,-8.1419,-0.8896,8.877
8.254000,-4.9202,-7.8148,-3.5670,9.900
8.262000,-5.6708,-7.1028,-5.7511,10.756
8.282000,-5.9983,-6.7012,-7.0172,11.407
8.284000,-6.1489,-6.5955,-6.6979,11.233
8.339000,-6.0800,-6.5724,-4.9591,10.235
8.341000,-6.2409,-7.0187,-2.5338,9.728
8.343000,-6.8542,-7.6237,-0.2477,10.255
8.347000,-6.8542,-7.6237,-0.2477,10.255
8.348000,-7.6092,-8.4773,1.3163,11.467
8.352000,-8.5293,-8.8496,2.2256,12.491
8.356000,-9.3786,-8.9533,2.1933,13.150
8.359000,-10.1033,-8.6367,1.0626,13.334
8.362000,-10.4006,-8.2596,-0.6587,13.298
8.390000,-9.5614,-7.2055,-1.9128,12.124
8.392000,-7.8793,-6.2726,-2.6566,10.416
8.394000,-5.7407,-5.7775,-2.8642,8.634
8.408000,-3.4103,-5.3312,-2.1477,6.683
8.436000,-0.9754,-4.7750,-0.9985,4.975
8.440000,1.6937,-3.9002,0.2143,4.257
8.442000,4.5684,-2.5526,0.7740,5.290
8.444000,7.7026,-1.0304,-3.1159,8.373
8.454000,10.1473,1.5635,-4.8149,11.340
8.455000,10.1473,1.5635,-4.8149,11.340
8.460000,15.2055,2.7608,-5.7459,16.488
8.487000,17.0142,1.6050,-2.2492,17.237
8.489000,17.4361,0.1673,2.2011,17.575
8.491000,17.8099,-0.8317,6.8028,19.083
8.503000,15.6551,0.1921,11.8553,19.638
8.538000,13.4476,1.7627,13.4163,19.077
8.540000,11.4971,3.0860,10.5871,15.931
8.542000,11.4971,3.0860,10.5871,15.931
8.543000,8.4512,4.6110,5.4904,11.083
8.544000,5.1601,5.6197,0.0692,7.630
8.550000,1.8307,6.5724,-3.6625,7.744
8.562000,-0.9930,6.9459,-4.8339,8.520
8.588000,-3.1161,6.5898,-3.8290,8.234
8.590000,-4.2731,6.2715,-1.4557,7.727
8.598000,-4.4180,5.6979,1.5645,7.378
8.599000,-4.4180,5.6979,1.5645,7.378
8.600000,-4.7044,5.3070,3.9545,8.120
8.649000,-4.9596,5.0010,5.6257,9.014
8.650000,-5.4119,5.1816,6.4263,9.871
8.652000,-6.1689,5.1309,5.5480,9.755
8.654000,-6.9522,5.1416,4.4107,9.707
8.657000,-7.6798,3.4683,1.5062,8.560
8.661000,-7.6169,5.1681,2.7878,9.618
8.671000,-5.6791,4.8046,1.1741,7.531
8.682000,-5.9466,4.7149,1.6852,7.774
8.754000,-6.0129,3.8509,2.1863,7.468
8.756000,-5.6159,3.4056,2.4585,7.013
8.757000,-4.6459,3.0668,4.4098,7.102
8.759000,-3.4648,2.6413,5.9965,7.412
8.762000,-2.1564,1.0143,7.6426,8.005
8.763000,-0.9801,0.4246,7.4159,7.492
8.764000,0.4396,0.4456,7.1936,7.221
8.765000,2.4948,1.5819,8.9218,9.398
8.771000,4.1748,2.6606,7.6774,9.135
8.783000,5.4509,2.0701,4.4684,7.346
8.789000,5.9898,2.6083,3.1803,7.266
8.808000,8.1591,2.0244,1.2625,8.501
8.810000,8.1591,2.0244,1.2625,8.501
8.811000,9.4664,-0.8923,-0.4880,9.521
8.821000,10.9911,-3.1586,-0.7706,11.462
8.875000,13.3477,-3.3267,-0.2564,13.758
8.877000,17.0809,-1.8068,0.5272,17.184
8.878000,17.8361,-0.4923,2.2132,17.980
8.880000,17.4004,-0.4492,4.6122,18.007
8.882000,14.4635,-2.3307,6.7639,16.136
8.883000,10.4682,-4.0084,7.1389,13.290
8.892000,6.8983,-5.1734,6.2577,10.654
8.902000,3.2419,-5.9910,4.4101,8.115
8.914000,-0.2612,-6.7092,1.6765,6.920
8.921000,-2.9990,-7.3997,-1.6364,8.150
8.986000,-4.8052,-7.4774,-4.9922,10.194
8.988000,-5.8171,-6.7320,-7.6026,11.703
8.990000,-6.1138,-5.5155,-8.8090,12.058
8.992000,-6.1138,-5.5155,-8.8090,12.058
8.993000,-5.9932,-4.8817,-9.1126,11.949
8.995000,-6.1132,-4.6865,-7.6151,10.832
8.996000,-7.0369,-6.4593,-3.3389,10.119
8.998000,-7.5362,-7.3518,-1.5608,10.643
9.003000,-7.8357,-7.9088,-0.4015,11.140
9.015000,-8.1023,-8.0865,0.2838,11.451
9.084000,-8.3350,-7.4949,0.1085,11.210
9.085000,-8.3350,-7.4949,0.1085,11.210
9.086000,-8.4101,-6.9409,-0.8258,10.936
9.088000,-8.0983,-6.2899,-1.8211,10.415
9.090000,-7.2441,-5.6198,-2.5091,9.505
9.092000,-5.8873,-4.9471,-2.6173,8.123
9.093000,-3.8504,-4.2296,-2.1803,6.121
9.095000,-1.7578,-3.7468,-1.1285,4.290
9.096000,0.4625,-3.1098,0.0517,3.144
9.097000,0.4625,-3.1098,0.0517,3.144
9.100000,2.8291,-3.0812,-0.3384,4.197
9.115000,4.1556,-2.7974,-1.8132,5.327
9.120000,6.6065,-1.0007,-2.8552,7.266
9.171000,12.2666,0.9545,-3.6821,12.843
9.173000,17.1556,0.9401,-2.6095,17.378
9.175000,19.9736,0.5728,1.3093,20.025
9.176000,22.6726,-0.2524,5.8595,23.419
9.178000,21.8177,0.1799,11.1794,24.516
9.186000,17.7508,2.4428,14.8184,23.252
9.207000,14.7874,3.9994,14.0167,20.764
9.209000,10.9269,5.0220,8.9892,15.014
9.210000,10.9269,5.0220,8.9892,15.014
9.211000,7.1962,5.5758,2.9218,9.561
9.224000,3.1075,5.8533,-2.8933,7.231
9.257000,-0.9902,6.2140,-6.3798,8.961
9.259000,-3.7879,6.2332,-6.7516,9.939
9.261000,-5.1882,6.0768,-4.6038,9.222
9.262000,-5.3870,5.1677,2.6475,7.921
9.271000,-5.6077,4.2319,5.7961,9.108
9.284000,-5.9439,3.5088,8.2698,10.772
9.289000,-6.7683,3.3907,9.6600,12.273
9.304000,-7.7849,3.0345,9.4310,12.600
9.369000,-8.5254,2.5395,8.2282,12.118
9.371000,-8.5280,2.4476,6.8001,11.179
9.373000,-7.8340,2.4906,5.8871,10.111
9.375000,-6.8942,2.5789,5.1669,8.993
9.379000,-6.0611,2.3672,4.3071,7.803
9.383000,-6.0005,2.0425,4.3797,7.704
9.385000,-4.6740,1.7474,3.4837,6.086
9.389000,-4.0829,1.8987,3.7932,5.888
9.393000,-3.7066,1.0660,5.2023,6.476
9.403000,-1.8351,0.9177,6.7261,7.032
9.417000,-0.2106,1.0254,7.7432,7.814
9.421000,1.7782,1.7578,7.9342,8.319
9.488000,2.9905,1.7228,7.9288,8.647
9.490000,3.4923,2.1379,6.7672,7.910
9.492000,5.3756,3.0269,5.6646,8.375
9.494000,5.3756,3.0269,5.6646,8.375
9.495000,7.7526,3.1390,4.9981,9.744
9.498000,8.7377,2.0395,2.6752,9.363
9.500000,10.5680,1.1818,1.0350,10.684
9.502000,12.2005,-1.0307,0.0065,12.244
9.504000,16.1459,-1.7029,1.1600,16.277
9.509000,19.0429,-0.4004,1.2845,19.090
9.535000,19.9228,1.3771,2.2301,20.094
9.538000,19.9228,1.3771,2.2301,20.094
9.539000,14.1319,-1.0359,4.9416,15.007
9.600000,9.8232,-3.3079,5.4565,11.714
9.602000,5.2086,-5.1570,5.2127,8.994
9.605000,1.5010,-6.4309,4.2781,7.868
9.607000,-1.6000,-6.9757,2.6927,7.647
9.609000,-3.3901,-7.1372,0.8495,7.947
9.610000,-4.7255,-6.8226,-1.5327,8.440
9.613000,-4.7255,-6.8226,-1.5327,8.440
9.614000,-5.2200,-6.3443,-4.0633,9.166
9.615000,-5.2575,-5.4884,-6.3115,9.879
9.623000,-5.4021,-4.8819,-7.8758,10.726
9.635000,-5.7730,-4.7783,-8.2015,11.110
9.716000,-6.1284,-5.0356,-6.7970,10.446
9.719000,-6.5765,-5.7092,-4.7375,9.914
9.720000,-7.2272,-6.3991,-2.4505,9.959
9.722000,-7.6527,-7.0978,-0.6109,10.455
9.723000,-8.1260,-7.5175,0.9651,11.112
9.726000,-8.3301,-7.6405,1.8806,11.459
9.728000,-8.2875,-7.3270,1.8900,11.222
9.729000,-8.0349,-6.6122,1.6155,10.530
9.730000,-7.5404,-6.1024,0.7573,9.730
9.736000,-6.4843,-5.3627,-0.1700,8.416
9.737000,-6.4843,-5.3627,-0.1700,8.416
9.741000,-4.4711,-4.7465,-1.0843,6.610
9.752000,-1.9429,-3.6886,-1.3314,4.377
9.823000,0.8203,-2.4719,-0.8093,2.727
9.825000,3.7481,-2.0097,-0.9159,4.350
9.827000,5.9076,-1.9063,-2.2701,6.610
9.829000,7.4708,-0.7669,-3.3534,8.225
9.831000,17.0542,2.0521,-2.6850,17.386
9.832000,20.6915,1.1895,0.7289,20.739
9.834000,22.3524,-0.0575,5.6374,23.052
9.837000,21.7436,-1.3325,11.1411,24.468
9.840000,17.7165,-0.5137,15.8816,23.798
9.855000,13.8351,1.0714,16.5617,21.607
9.932000,11.2685,2.4744,14.0669,18.193
9.934000,7.8525,3.8300,9.3768,12.816
9.935000,4.4182,4.2881,3.3730,7.020
9.937000,1.1129,4.9453,-2.4646,5.636
9.941000,-1.8832,5.6203,-6.0330,8.458
9.942000,-3.8106,5.5824,-6.8770,9.642
9.944000,-4.8700,4.9443,-4.6299,8.343
9.946000,-4.6453,3.9094,-0.8954,6.137
9.947000,-5.1357,3.1358,2.6235,6.564
9.955000,-5.2719,2.2332,5.4141,7.880
9.956000,-5.2719,2.2332,5.4141,7.880
9.969000,-5.9652,1.8923,7.3160,9.627
9.973000,-7.0135,1.9210,7.7058,10.595
10.075000,-7.8436,1.9283,7.1744,10.803
10.080000,-8.0974,1.9083,6.2126,10.383
10.082000,-7.4943,2.3931,5.4611,9.577
10.083000,-6.0264,3.2046,5.0427,8.486
10.084000,-4.3697,4.4547,4.2077,7.526
10.086000,-3.4560,5.0574,3.3966,7.004
10.087000,-3.4226,4.6266,2.9590,6.471
10.088000,-3.7793,3.5318,3.4618,6.224
10.090000,-3.9985,1.9374,4.6247,6.413
10.091000,-3.6577,1.0823,6.0288,7.134
10.092000,1.0186,1.7694,8.7951,9.029
10.094000,4.1576,3.0995,10.5431,11.749
10.104000,6.2217,4.5686,10.4768,13.013
10.173000,6.3617,4.0747,8.1012,11.077
10.176000,6.2503,3.0139,5.0815,8.601
10.178000,6.6242,2.7014,3.2936,7.876
10.179000,9.0149,1.3863,1.5928,9.259
10.181000,9.6581,0.2255,0.8173,9.695
10.182000,12.2666,-1.9434,-0.0709,12.420
10.183000,15.4306,-1.4999,-0.6909,15.519
10.184000,16.7668,-0.9694,-0.2225,16.796
10.241000,16.1824,-1.0244,2.3448,16.383
10.244000,14.5848,-2.3365,4.5559,15.457
10.246000,11.8856,-3.6551,6.4298,13.999
10.249000,8.9431,-4.9916,7.5380,12.717
10.251000,5.3767,-6.0370,6.8935,10.624
10.254000,5.3767,-6.0370,6.8935,10.624
10.255000,1.7596,-7.2426,5.3532,9.177
10.256000,-2.0854,-8.2793,3.0140,9.054
10.269000,-4.6195,-9.0698,0.5471,10.193
10.273000,-6.1332,-9.5200,-1.4378,11.415
10.365000,-7.0279,-9.0602,-3.4235,11.967
10.367000,-6.8440,-8.5680,-5.8430,12.425
10.369000,-6.4530,-6.8368,-6.9091,11.667
10.370000,-6.4530,-6.8368,-6.9091,11.667
10.371000,-6.0332,-5.7868,-6.7781,10.762
10.372000,-6.0847,-5.8293,-5.0389,9.818
10.374000,-6.1813,-6.4009,-2.6878,9.295
10.375000,-6.5070,-7.3273,-0.5775,9.817
10.376000,-7.8921,-8.6001,2.8899,12.025
10.379000,-7.9021,-8.5241,2.9083,11.982
10.380000,-8.5721,-8.0624,2.3969,12.010
10.382000,-7.9917,-7.1441,0.7458,10.745
10.397000,-6.7487,-5.8538,-0.9714,8.986
10.458000,-4.7441,-4.6214,-2.1937,6.977
10.460000,-1.9053,-3.0629,-2.6146,4.455
10.461000,0.8296,-2.1131,-2.5214,3.393
10.463000,3.0365,-1.6025,-2.3589,4.166
10.465000,4.9258,-1.4409,-1.9353,5.485
10.466000,5.5179,-1.4949,-3.0620,6.485
10.468000,6.5712,-0.8415,-4.8268,8.197
10.523000,10.2458,0.9776,-5.6052,11.720
10.525000,16.4355,1.9966,-5.0376,17.306
10.527000,19.4676,1.6656,-0.5672,19.547
10.528000,20.7126,1.0718,3.9913,21.121
10.530000,20.2370,0.0127,8.2228,21.844
10.531000,16.5994,0.6146,11.5244,20.217
10.538000,13.8149,1.6304,11.3354,17.944
10.543000,11.1725,2.9694,8.3765,14.276
10.564000,7.7391,4.2115,4.1178,9.726
10.567000,4.0417,4.7848,-1.0534,6.351
10.571000,0.2495,5.3220,-4.5847,7.029
10.618000,-2.3912,5.6113,-5.6329,8.303
10.623000,-3.4032,5.7604,-4.2862,7.946
10.627000,-3.3649,5.8930,-1.3524,6.919
10.632000,-3.5363,5.3485,2.0851,6.742
10.633000,-4.9962,3.8191,6.8672,9.312
10.635000,-6.0170,3.0620,7.9595,10.437
10.645000,-7.0015,2.3570,7.9944,10.885
10.656000,-7.5724,2.1226,7.8411,11.105
10.731000,-7.4959,2.0067,7.0901,10.511
10.733000,-7.4959,2.0067,7.0901,10.511
10.734000,-6.8936,2.3437,6.6314,9.848
10.735000,-6.1887,2.4808,6.1509,9.071
10.736000,-5.1888,2.7841,5.8699,8.315
10.738000,-4.2582,3.1870,5.7955,7.866
10.739000,-3.3892,3.4173,5.7779,7.520
10.740000,-2.5712,3.3542,6.4914,7.746
10.742000,-2.2260,2.5785,6.4430,7.288
10.743000,-2.2260,2.5785,6.4430,7.288
10.744000,-1.7657,2.0158,6.7135,7.229
10.754000,-0.4005,1.4805,7.5875,7.741
10.775000,0.8524,0.5900,8.0759,8.142
10.777000,1.8072,0.0985,7.3921,7.610
10.853000,3.5365,1.0382,7.3175,8.193
10.855000,4.4245,1.8015,5.9289,7.614
10.857000,5.0210,2.4678,3.1090,6.400
10.860000,5.0210,2.4678,3.1090,6.400
10.861000,6.7023,2.2011,1.3763,7.187
10.863000,7.1861,2.0097,-0.6210,7.488
10.864000,7.8851,1.1873,-2.5388,8.368
10.866000,9.8190,-0.2957,-2.4882,10.134
10.868000,11.5745,-1.4171,-3.0123,12.044
10.869000,13.7362,-0.7637,-2.4634,13.976
10.887000,15.0827,0.5629,0.2490,15.095
10.889000,15.0680,0.3805,2.6716,15.308
10.894000,13.3979,-0.8123,5.0665,14.347
10.949000,6.5449,-5.3064,7.9974,11.617
10.951000,2.5027,-7.1214,6.2541,9.803
10.952000,-1.3033,-7.9928,3.1509,8.690
10.953000,-3.7978,-8.2577,-0.3586,9.096
10.954000,-5.1343,-7.8657,-3.3916,9.987
10.956000,-5.3634,-6.8554,-5.8073,10.464
10.970000,-5.3036,-5.4705,-7.2963,10.549
10.974000,-5.1698,-4.6972,-7.8775,10.528
11.031000,-5.3685,-4.8367,-6.9196,10.005
11.033000,-5.5659,-5.4378,-4.6905,9.086
11.034000,-5.9245,-6.7165,-2.2286,9.229
11.036000,-6.5178,-7.4178,0.0316,9.875
11.038000,-6.8708,-7.6686,1.0452,10.349
11.040000,-6.7160,-7.2940,0.6042,9.933
11.044000,-6.6920,-6.4904,-0.7422,9.352
11.054000,-6.2486,-5.2520,-2.3163,8.485
11.077000,-5.4688,-3.8264,-3.4718,7.524
11.079000,-4.2355,-2.8173,-3.8306,6.368
11.146000,-2.8025,-2.2890,-3.1190,4.777
11.148000,-1.1215,-2.2407,-1.2094,2.782
11.149000,0.9488,-1.9103,1.1256,2.412
11.150000,2.7761,-1.4690,3.1020,4.414
11.152000,4.1450,-0.9503,3.8888,5.763
11.154000,4.6150,0.0846,2.4263,5.215
11.155000,5.6682,1.9474,0.9407,6.067
11.156000,7.9464,4.1292,0.2673,8.959
11.171000,11.0701,4.4999,1.1343,12.003
11.173000,11.0701,4.4999,1.1343,12.003
11.174000,12.4786,0.0680,6.5476,14.092
11.261000,11.6199,-2.0447,9.9066,15.406
11.263000,8.8717,-2.3067,12.9760,15.887
11.264000,7.5713,-1.1748,12.4017,14.578
11.266000,6.3366,1.0657,7.8602,10.152
11.267000,4.8781,3.7509,3.0221,6.856
11.269000,2.6448,5.6243,-2.0308,6.538
11.270000,2.6448,5.6243,-2.0308,6.538
11.271000,-0.0489,6.5634,-5.6319,8.649
11.272000,-2.6333,6.4266,-6.8319,9.742
11.274000,-4.7009,5.2562,-5.7166,9.078
11.275000,-5.9007,3.6314,-3.1824,7.625
11.286000,-6.2629,2.5090,-0.5420,6.768
11.291000,-6.2845,2.0915,1.2463,6.740
11.309000,-6.4925,1.6786,1.8315,6.952
11.311000,-6.4925,1.6786,1.8315,6.952
11.313000,-7.0967,1.4190,1.4518,7.381
11.411000,-7.7534,1.1374,0.8094,7.878
11.422000,-7.9578,0.8880,0.7353,8.041
11.424000,-7.8239,0.6885,0.9735,7.914
11.426000,-7.4793,0.3084,1.6289,7.661
11.427000,-7.0731,0.0867,2.6917,7.568
11.429000,-6.3475,0.3086,3.2996,7.161
11.430000,-5.6621,0.5471,3.7681,6.823
11.431000,-5.4089,0.5320,4.0716,6.791
11.433000,-5.6585,0.2315,4.0466,6.960
11.434000,-6.2666,-0.2018,3.3445,7.106
11.436000,-6.0319,-0.2151,3.2746,6.867
11.437000,-5.3687,-0.0185,3.4137,6.362
11.486000,-2.2331,1.3499,4.4289,5.140
11.488000,-2.2331,1.3499,4.4289,5.140
11.489000,0.1055,2.9149,4.9065,5.708
11.490000,2.2113,4.1349,4.9000,6.782
11.492000,3.7514,4.1889,4.2336,7.039
11.494000,4.4064,3.9451,3.2271,6.738
11.496000,5.0252,3.4526,1.6595,6.319
11.507000,6.0110,1.8365,0.7598,6.331
11.567000,8.4219,0.3407,-0.0117,8.429
11.569000,11.5225,0.3890,1.1458,11.586
11.571000,13.2821,0.7723,3.2724,13.701
11.572000,13.2300,0.4588,5.1446,14.202
11.574000,11.8927,-0.7027,6.3798,13.514
11.575000,9.4580,-2.1196,6.7361,11.803
11.576000,6.4119,-3.8192,5.9134,9.522
11.630000,3.2099,-4.5984,3.6620,6.698
11.632000,0.4120,-4.9729,0.9985,5.089
11.637000,-1.4594,-4.9475,-1.5167,5.377
11.640000,-2.4203,-4.6861,-3.6130,6.393
11.644000,-2.8369,-4.2617,-5.2628,7.342
11.647000,-3.0536,-3.6550,-6.5916,8.132
11.651000,-3.3472,-3.4600,-7.3427,8.780
11.656000,-3.5613,-3.3010,-7.3216,8.785
11.665000,-4.0256,-3.6178,-6.0400,8.110
11.678000,-4.3235,-4.2477,-3.9979,7.261
11.749000,-4.4885,-4.8903,-2.0088,6.935
11.752000,-4.8573,-5.3834,-0.1861,7.253
11.753000,-5.0388,-5.4555,0.6774,7.457
11.757000,-5.3536,-5.1372,0.1650,7.421
11.759000,-5.3726,-3.4809,-2.7951,6.985
11.761000,-4.8968,-2.4967,-3.4928,6.512
11.764000,-4.8968,-2.4967,-3.4928,6.512
11.766000,-4.1276,-1.8253,-3.6941,5.832
11.768000,-2.9246,-1.4792,-3.0621,4.485
11.769000,-1.6460,-1.5819,-1.6245,2.802
11.774000,-0.7067,-2.1497,-0.2027,2.272
11.795000,0.0746,-2.8667,0.9520,3.022
11.797000,1.2863,-2.8564,0.8362,3.242
11.867000,1.7686,-2.3333,-0.3040,2.944
11.868000,1.7686,-2.3333,-0.3040,2.944
11.869000,2.3885,-1.3395,-0.8170,2.858
11.871000,4.8531,0.2174,-0.9392,4.948
11.877000,8.8165,0.3901,0.3478,8.832
11.879000,11.3855,-0.5310,3.2198,11.844
11.880000,13.5354,-2.0784,6.6949,15.243
11.884000,14.0611,-3.3627,10.4695,17.850
11.886000,12.0186,-3.4071,13.0818,18.088
11.890000,10.1450,-2.3785,12.1723,16.023
11.917000,8.9206,-0.2571,7.6452,11.751
11.919000,6.6899,2.6355,2.6913,7.677
11.920000,4.2316,4.7585,-1.6654,6.582
11.926000,1.5455,6.3514,-4.9261,8.185
11.932000,-1.0540,7.3121,-6.2211,9.658
11.978000,-2.7895,7.1621,-4.7871,9.055
11.980000,-2.7895,7.1621,-4.7871,9.055
11.981000,-3.4243,6.7104,-1.8302,7.753
11.983000,-3.5276,5.9349,0.9161,6.965
11.984000,-3.4547,5.3602,2.8613,6.990
11.986000,-3.7922,5.0500,4.1336,7.548
11.997000,-4.9139,5.2208,3.6674,8.053
12.058000,-5.2098,5.4111,2.9434,8.068
12.061000,-5.1756,5.3322,1.9421,7.681
12.066000,-4.8282,5.5495,1.5924,7.526
12.071000,-4.2530,5.5704,1.8731,7.254
12.075000,-3.7354,5.2299,2.8373,7.025
12.079000,-3.4871,4.6772,3.6668,6.891
12.082000,-3.3960,3.6593,4.0789,6.447
12.088000,-3.5905,2.7708,4.8273,6.624
12.092000,-3.7070,1.6673,5.2040,6.603
12.096000,-4.2356,-0.1347,4.6099,6.262
12.112000,-2.6711,0.7011,5.3531,6.023
12.114000,-1.2939,0.5171,5.2755,5.456
12.245000,0.0851,0.8691,5.1960,5.269
12.247000,0.7370,0.9453,4.7538,4.903
12.251000,1.5821,0.9811,4.4982,4.868
12.252000,2.7956,1.0818,3.0268,4.260
12.254000,4.7259,1.4498,2.3070,5.455
12.256000,7.3134,1.4242,2.2563,7.785
12.257000,9.4308,1.1043,2.2251,9.753
12.258000,11.3105,-0.9150,0.1619,11.349
12.260000,13.4202,-0.9407,-1.0253,13.492
12.261000,14.2559,-0.3041,-0.2308,14.261
12.262000,13.8102,-0.3313,1.6362,13.911
12.264000,12.3350,-1.2108,3.8043,12.965
12.266000,12.3350,-1.2108,3.8043,12.965
12.267000,9.6870,-2.9384,5.4924,11.517
12.269000,6.2813,-4.5050,5.9593,9.760
12.270000,-0.0276,-6.4782,2.5917,6.977
12.282000,-2.5904,-6.2747,-0.3079,6.795
12.284000,-3.7222,-5.9471,-3.3887,7.791
12.364000,-4.2117,-5.2590,-5.7181,8.837
12.366000,-4.9188,-4.6908,-7.2820,9.961
12.369000,-5.5349,-4.5059,-7.6757,10.481
12.370000,-5.9355,-4.6880,-6.4816,9.961
12.371000,-6.0394,-5.4822,-4.7680,9.448
12.373000,-6.4617,-6.3938,-2.7227,9.489
12.374000,-6.8077,-7.0129,-1.3496,9.866
12.375000,-7.0122,-7.5700,-0.5196,10.332
12.377000,-7.2681,-7.2471,0.0033,10.264
12.435000,-7.0765,-6.7078,-0.2430,9.754
12.437000,-6.7931,-5.8005,-1.1089,9.001
12.438000,-6.6479,-4.9406,-2.1924,8.568
12.439000,-6.5120,-4.3439,-3.0575,8.404
12.441000,-6.0034,-3.8965,-3.5161,7.974
12.442000,-5.1935,-3.7422,-3.1900,7.152
12.448000,-3.7595,-3.7618,-1.7810,5.609
12.449000,-3.7595,-3.7618,-1.7810,5.609
12.460000,-1.8931,-3.7723,-0.5429,4.255
12.465000,0.1330,-3.5710,0.5123,3.610
12.533000,2.1141,-3.5112,0.9966,4.218
12.535000,3.2458,-3.3156,0.2106,4.645
12.537000,3.7423,-2.5551,-1.2365,4.697
12.538000,6.1389,-0.3791,-1.9200,6.443
12.540000,13.6391,1.2731,0.4914,13.707
12.541000,13.6582,1.2650,0.5368,13.727
12.542000,15.6264,0.7016,4.2028,16.197
12.544000,15.5963,-1.5422,10.7768,19.020
12.598000,12.3182,-1.4216,11.7386,17.075
12.600000,10.5704,-0.3681,8.9134,13.832
12.601000,8.0392,1.7339,3.3763,8.890
12.607000,5.5015,3.7448,-2.0121,6.953
12.608000,2.9829,5.1641,-6.8475,9.080
12.609000,0.0162,6.0522,-9.2972,11.094
12.624000,-2.3664,6.4946,-9.3073,11.593
12.626000,-3.8160,5.7568,-6.5046,9.487
12.688000,-4.4736,4.5194,-2.9989,7.031
12.690000,-5.1588,3.7811,0.1073,6.397
12.691000,-5.3425,3.2967,2.8402,6.890
12.693000,-5.4323,3.2969,4.6591,7.879
12.697000,-5.8052,3.5913,5.5566,8.802
12.699000,-6.1999,4.0032,5.5403,9.228
12.700000,-6.4718,4.4187,5.1380,9.371
12.757000,-6.6307,4.6435,4.6782,9.350
12.759000,-6.3740,4.8698,4.5388,9.216
12.760000,-5.5864,5.4802,4.8560,9.210
12.762000,-5.1709,5.3933,4.8975,8.934
12.763000,-5.1709,5.3933,4.8975,8.934
12.764000,-4.8907,5.0539,4.9501,8.600
12.766000,-5.2052,4.0848,4.8437,8.200
12.767000,-5.6554,3.1632,4.9929,8.180
12.778000,-5.5462,2.5479,5.1729,8.001
12.784000,-4.7329,2.6400,6.0436,8.118
12.872000,-3.4812,2.9260,6.4178,7.866
12.876000,-1.7569,3.3164,6.9399,7.890
12.879000,1.4939,4.5758,6.5742,8.148
12.881000,3.3446,5.4948,6.5779,9.200
12.882000,5.2146,5.2840,5.4473,9.208
12.884000,7.8269,5.2196,4.7042,10.518
12.887000,10.9086,3.6491,3.7356,12.094
12.889000,13.3866,1.9183,1.8540,13.650
12.891000,16.2711,-0.2126,1.0835,16.309
12.892000,16.2711,-0.2126,1.0835,16.309
12.893000,17.8816,-1.7892,-0.1428,17.971
12.899000,19.6065,-1.9879,-1.1882,19.743
12.911000,20.8730,-1.0523,-0.5765,20.907
12.916000,19.5327,-1.2741,1.3748,19.622
12.993000,16.7803,-3.1348,3.6119,17.449
12.996000,12.3781,-5.0429,5.1774,14.334
12.998000,7.5747,-6.8257,5.1064,11.404
13.001000,7.5747,-6.8257,5.1064,11.404
13.002000,3.3741,-8.4207,4.3135,10.045
13.004000,-0.1035,-9.0737,2.3447,9.372
13.005000,-2.7633,-9.1727,0.2012,9.582
13.007000,-4.8901,-9.3391,-2.6999,10.882
13.008000,-6.0179,-8.7995,-5.2084,11.865
13.010000,-6.4406,-7.7291,-7.0567,12.289
13.065000,-6.3412,-6.5375,-7.7989,11.991
13.066000,-6.3412,-6.5375,-7.7989,11.991
13.069000,-6.1706,-5.9019,-7.7689,11.544
13.071000,-6.1224,-5.8898,-5.8614,10.321
13.073000,-6.5586,-6.7387,-3.2273,9.942
13.075000,-6.9287,-7.4484,-0.6067,10.191
13.076000,-7.5222,-8.1358,1.3915,11.167
13.095000,-8.1472,-8.3260,2.7930,11.979
13.097000,-9.2516,-8.0374,2.1720,12.446
13.098000,-9.7767,-7.8045,0.8412,12.538
13.110000,-10.6125,-7.4578,-0.5493,12.982
13.171000,-10.3525,-6.8055,-2.0846,12.563
13.173000,-9.2702,-6.0046,-3.3209,11.533
13.175000,-6.9737,-4.8949,-3.2446,9.117
13.176000,-4.7452,-4.5599,-3.0095,7.236
13.178000,-2.9384,-4.4773,-1.8703,5.673
13.180000,-1.1751,-5.2720,-1.6574,5.650
13.181000,-0.0135,-6.3617,-3.0007,7.034
13.186000,2.0930,-6.0614,-3.3195,7.221
13.198000,7.9126,-4.7375,-3.0524,9.715
13.273000,15.1082,-3.7825,-1.2519,15.625
13.274000,19.1831,-3.2127,1.2428,19.490
13.279000,22.8272,-2.7281,4.5995,23.445
13.280000,22.8272,-2.7281,4.5995,23.445
13.281000,23.6312,-2.1293,8.4166,25.175
13.283000,20.7510,-0.3493,11.1318,23.551
13.284000,17.3431,1.8049,10.5777,20.394
13.286000,13.9618,3.5000,7.1173,16.057
13.287000,9.9931,4.8933,3.2960,11.605
13.288000,6.5809,5.6446,0.0231,8.670
13.307000,3.0335,5.9642,-2.8506,7.273
13.309000,0.3133,5.8865,-3.3632,6.787
13.315000,-1.2036,5.6349,-1.5852,5.976
13.377000,-1.4362,5.5168,1.5408,5.905
13.378000,-1.7376,5.4438,3.9348,6.938
13.380000,-1.9534,5.5913,5.6177,8.163
13.381000,-2.5495,6.1810,6.4446,9.286
13.382000,-2.8416,6.6841,6.0547,9.456
13.384000,-2.6629,7.3676,5.7092,9.694
13.385000,-2.6629,7.3676,5.7092,9.694
13.386000,-2.0312,8.4029,5.3499,10.166
13.398000,-1.2822,9.1492,4.8136,10.417
13.467000,-0.7575,9.6025,4.3188,10.556
13.469000,-0.5367,9.7306,3.9190,10.504
13.472000,-0.7105,9.0192,3.6669,9.762
13.474000,-1.2160,7.9519,3.9952,8.982
13.475000,-1.9748,6.1866,4.2768,7.776
13.476000,-1.9748,6.1866,4.2768,7.776
13.477000,-2.3324,4.6831,5.2451,7.408
13.478000,-2.2134,3.7511,6.0914,7.488
13.479000,-1.3846,2.9168,6.9044,7.622
13.571000,-0.8411,2.5676,6.5928,7.125
13.572000,1.4907,2.0940,7.3344,7.772
13.575000,3.2506,2.3487,7.1182,8.170
13.578000,5.8393,1.8736,5.6894,8.365
13.580000,5.8393,1.8736,5.6894,8.365
13.583000,7.4400,1.8821,4.0242,8.665
13.585000,7.8208,0.0352,1.9009,8.049
13.587000,11.9870,-0.1577,1.8901,12.136
13.589000,13.5983,-2.9773,2.2695,14.104
13.591000,13.7132,-6.2765,2.6382,15.310
13.593000,14.0302,-9.0281,2.1178,16.818
13.596000,14.6867,-9.3873,1.4530,17.491
13.599000,14.7383,-5.4637,3.0361,16.009
13.605000,14.7077,-5.4678,2.9678,15.969
13.622000,12.9589,-5.1941,4.1125,14.554
13.626000,9.9332,-5.5460,4.8057,12.350
13.638000,3.5951,-6.8489,4.1444,8.775
13.698000,0.8024,-7.3532,2.4113,7.780
13.699000,-1.0172,-7.3658,0.4894,7.452
13.701000,-2.6377,-7.0935,-1.7605,7.770
13.702000,-3.7210,-6.6157,-3.7086,8.448
13.707000,-4.6963,-5.6901,-4.8050,8.805
13.709000,-5.2671,-4.9019,-5.0620,8.797
13.710000,-5.6679,-4.2442,-4.5255,8.404
13.713000,-5.7522,-4.0323,-3.1446,7.696
13.732000,-5.9411,-4.2824,-1.5568,7.487
13.736000,-6.4624,-4.9483,-0.1509,8.141
13.747000,-6.7808,-5.5890,0.9443,8.838
13.814000,-7.1249,-5.8128,1.5275,9.321
13.816000,-7.4017,-5.7589,1.6022,9.514
13.817000,-7.5953,-5.2548,0.7056,9.263
13.819000,-7.7061,-4.6188,-0.7096,9.012
13.820000,-7.2871,-3.8441,-1.5987,8.393
13.822000,-6.2930,-3.1255,-2.2815,7.388
13.825000,-4.6165,-2.6254,-2.5442,5.889
13.827000,-3.0984,-2.3323,-2.0245,4.375
13.836000,-1.4062,-2.5695,-1.3573,3.228
13.850000,0.1951,-2.9244,-0.6593,3.004
13.922000,1.8491,-3.2128,-0.5838,3.753
13.924000,2.6936,-3.1082,-1.9234,4.540
13.926000,5.1842,-1.9552,-2.7433,6.183
13.927000,5.1842,-1.9552,-2.7433,6.183
13.929000,10.3975,-0.5768,-2.7237,10.764
13.931000,15.1816,-0.5133,-1.4477,15.259
13.932000,17.8120,-3.3785,4.7080,18.731
13.934000,16.2704,-4.4240,7.9302,18.633
13.936000,12.3124,-3.9904,9.9032,16.297
13.938000,8.2375,-2.7310,8.5673,12.195
13.949000,4.1696,-1.4826,4.5261,6.330
13.951000,4.1696,-1.4826,4.5261,6.330
13.955000,0.6252,-0.1872,0.1249,0.664
13.968000,-2.3625,0.8760,-3.6686,4.451
14.044000,-4.6799,1.5819,-5.4056,7.323
14.045000,-5.7232,1.6876,-4.6967,7.594
14.047000,-5.5548,1.6620,-2.1074,6.169
14.048000,-5.0278,1.5744,0.7687,5.324
14.049000,-5.1237,1.3488,3.4672,6.332
14.051000,-5.1237,1.3488,3.4672,6.332
14.052000,-5.8270,0.9822,5.0789,7.792
14.053000,-6.5987,0.5224,5.5406,8.632
14.054000,-7.1234,0.4004,5.1037,8.772
14.056000,-6.9894,0.8031,4.1872,8.187
14.068000,-6.4044,1.7612,3.2637,7.401
14.082000,-5.6833,2.5535,3.0832,6.952
14.089000,-4.9783,3.0032,3.3818,6.726
14.147000,-4.1878,3.2105,3.6007,6.388
14.149000,-3.6834,3.2406,4.1337,6.415
14.150000,-3.4201,3.0666,4.8563,6.685
14.151000,-3.2061,2.8223,5.4983,6.962
14.153000,-2.6033,3.0678,6.0882,7.298
14.154000,-2.0652,3.6076,6.9485,8.097
14.162000,-1.8816,3.7755,6.9757,8.152
14.164000,-1.8816,3.7755,6.9757,8.152
14.166000,-1.2694,4.1953,6.2738,7.653
14.186000,1.1321,5.0227,4.7543,7.008
14.188000,2.9217,5.6266,4.2166,7.614
14.265000,4.7263,6.2707,4.3524,8.978
14.268000,6.9212,6.2828,4.3423,10.307
14.269000,9.8745,6.5478,4.0029,12.506
14.270000,12.2043,5.3583,3.2258,13.714
14.272000,14.9110,3.2647,2.5601,15.477
14.274000,16.2798,-0.2265,2.9683,16.550
14.277000,15.9802,-3.7648,2.6196,16.625
14.279000,15.8473,-5.4709,1.2053,16.808
14.280000,16.3319,-4.0745,0.9497,16.859
14.285000,16.0207,-2.1352,2.7358,16.392
14.300000,14.6988,-2.2116,5.0671,15.704
14.317000,11.8323,-3.2789,6.6924,13.984
14.319000,7.6881,-4.6642,6.4956,11.093
14.376000,4.0269,-6.0366,5.5436,9.132
14.378000,0.9756,-6.6327,3.7508,7.682
14.379000,-0.9029,-6.4779,2.0801,6.863
14.381000,-2.0877,-6.1855,0.0787,6.529
14.382000,-2.9131,-5.8067,-2.0430,6.810
14.383000,-3.6179,-5.2313,-4.2678,7.660
14.386000,-4.4407,-4.4461,-6.2351,8.852
14.398000,-5.1583,-3.9823,-7.0813,9.623
14.406000,-5.8644,-3.9562,-6.5777,9.660
14.419000,-6.4471,-4.2698,-4.5837,8.989
14.508000,-6.9024,-4.8696,-2.5004,8.810
14.511000,-7.2858,-5.6108,-0.6599,9.220
14.513000,-7.8357,-6.1529,1.0077,10.014
14.515000,-7.8357,-6.1529,1.0077,10.014
14.516000,-8.5517,-6.5677,2.1165,10.988
14.517000,-8.5207,-6.1743,1.8575,10.685
14.519000,-8.2630,-5.5757,0.9325,10.012
14.520000,-7.9169,-5.0195,-0.0882,9.374
14.522000,-7.0247,-4.9049,-1.0743,8.635
14.523000,-5.2269,-4.6487,-1.2512,7.106
14.525000,-2.9794,-4.2504,-0.6208,5.228
14.528000,-0.0133,-3.5930,0.5483,3.635
14.537000,2.5224,-2.8466,1.2512,4.004
14.562000,4.3447,-2.8981,0.0617,5.223
14.564000,5.4462,-3.1082,-2.3460,6.695
14.569000,7.6019,-2.1819,-4.1534,8.933
14.575000,13.5628,-1.5773,-4.9190,14.513
14.641000,17.8254,-2.2786,-2.2071,18.106
14.649000,19.5357,-2.2221,1.9255,19.756
14.650000,21.4664,-2.6051,6.0800,22.462
14.652000,18.7814,-2.3009,10.7361,21.755
14.653000,13.2096,-1.4025,12.4694,18.219
14.655000,8.5503,-1.2485,9.2331,12.646
14.656000,4.3885,-0.5275,4.9388,6.628
14.660000,1.0307,0.6435,0.4491,1.295
14.661000,1.0307,0.6435,0.4491,1.295
14.666000,-1.8091,1.5361,-3.9097,4.574
14.685000,-3.7426,2.2899,-6.0237,7.452
14.688000,-4.5739,3.0667,-5.5250,7.801
14.756000,-4.5051,3.5136,-3.3718,6.634
14.758000,-4.5149,3.4436,-0.6247,5.713
14.760000,-4.8933,2.8519,2.2984,6.112
14.761000,-6.6539,1.2897,5.2691,8.585
14.763000,-7.5183,0.6650,5.5715,9.381
14.764000,-7.9009,0.4716,5.1800,9.459
14.766000,-7.6582,0.7087,4.5543,8.938
14.767000,-7.0426,1.4000,3.7398,8.096
14.794000,-6.0983,2.1196,3.2380,7.223
14.797000,-5.1317,2.6356,3.4153,6.704
14.801000,-4.3739,2.7077,3.6347,6.299
14.803000,-4.3739,2.7077,3.6347,6.299
14.806000,-4.1271,2.5581,4.0695,6.335
14.873000,-3.9624,2.2853,4.7191,6.572
14.874000,-4.0719,2.0078,5.4668,7.106
14.876000,-4.1367,1.7123,5.7043,7.251
14.877000,-4.1245,1.7360,5.7177,7.261
14.880000,-3.4145,2.0453,5.6854,6.940
14.883000,-2.1442,2.5369,5.3656,6.311
14.886000,-0.1058,3.1184,5.0053,5.898
14.890000,2.4918,3.7435,4.8279,6.598
14.898000,5.2201,4.8012,5.4593,8.950
14.907000,7.6835,5.5885,6.4055,11.459
14.926000,9.5176,5.0599,6.0480,12.360
14.929000,10.2549,4.1832,5.4602,12.348
14.938000,11.0557,2.8503,3.8315,12.043
14.989000,12.6263,0.7438,3.2607,13.062
14.991000,12.3843,-4.4887,1.0543,13.215
14.992000,12.3387,-4.3959,1.0241,13.138
14.995000,12.5985,-3.7916,0.3230,13.161
14.997000,13.2697,-1.6679,1.0160,13.413
14.999000,12.3815,-0.7355,4.2683,13.117
15.009000,9.8355,-1.6074,4.7852,11.055
15.020000,6.4996,-2.9712,4.2339,8.306
15.087000,2.7610,-4.1985,2.5591,5.639
15.088000,-0.6206,-5.0263,0.4690,5.086
15.092000,-3.2533,-5.5910,-1.5366,6.649
15.096000,-5.0163,-5.7608,-3.5566,8.426
15.099000,-6.2407,-5.5182,-5.3240,9.886
15.103000,-6.8181,-5.1466,-6.6852,10.847
15.107000,-6.8239,-4.2609,-6.8227,10.548
15.110000,-6.8239,-4.2609,-6.8227,10.548
15.111000,-6.7196,-3.5939,-5.9114,9.644
15.112000,-6.4426,-3.3521,-4.0539,8.317
15.118000,-6.4861,-3.5694,-2.3234,7.759
15.136000,-6.7949,-4.0092,-0.5692,7.910
15.140000,-6.9975,-4.5853,1.1636,8.446
15.197000,-7.5299,-5.0890,2.2231,9.356
15.199000,-7.9621,-5.0515,2.7149,9.812
15.200000,-7.9621,-5.0515,2.7149,9.812
15.201000,-8.2644,-4.7834,2.0978,9.777
15.203000,-8.4650,-4.0558,0.9318,9.433
15.204000,-8.4587,-3.2391,-0.3086,9.063
15.206000,-7.8730,-2.4229,-1.1125,8.312
15.209000,-6.7117,-1.5849,-1.3205,7.022
15.215000,-5.7437,-1.3259,-1.4952,6.081
15.238000,-4.2485,-1.3224,-1.3010,4.636
15.240000,-4.2485,-1.3224,-1.3010,4.636
15.241000,-2.7342,-1.2429,-0.4505,3.037
15.314000,-1.6262,-0.9460,-0.2406,1.897
15.316000,-0.5880,-1.4526,-1.9709,2.518
15.319000,0.4788,-2.0731,-3.9354,4.474
15.322000,11.8241,-0.6279,-5.5433,13.074
15.324000,18.5264,-1.1813,-5.3683,19.325
15.325000,20.5518,-1.5281,-3.2766,20.867
15.326000,21.6202,-1.5536,-0.8657,21.693
15.329000,21.2355,-1.3006,2.1278,21.381
15.330000,17.9320,0.3463,4.3861,18.464
15.338000,14.5651,1.6824,4.8380,15.440
15.354000,11.1020,2.9040,2.9603,11.851
15.356000,7.8505,3.7213,0.6386,8.711
15.433000,4.4577,3.5553,-1.8584,5.997
15.435000,1.8936,3.5881,-2.8054,4.933
15.436000,-0.0463,3.4229,-2.5807,4.287
15.438000,-1.8240,2.8465,-1.8535,3.855
15.441000,-2.9767,2.4988,-0.6542,3.941
15.442000,-3.5970,2.3603,1.0802,4.436
15.444000,-4.0083,2.4140,2.5233,5.316
15.448000,-4.5345,2.4278,3.8393,6.418
15.452000,-4.7716,2.4312,4.7866,7.183
15.476000,-5.0194,2.5599,5.2563,7.706
15.478000,-5.1257,2.9495,5.3110,7.949
15.480000,-5.3105,3.2276,4.8924,7.909
15.489000,-5.4724,3.1713,4.2914,7.643
15.496000,-5.6735,3.0751,4.1271,7.660
15.549000,-5.9952,2.8030,3.9797,7.722
15.551000,-6.0898,2.4897,4.1258,7.766
15.552000,-6.2836,1.9327,4.5344,7.986
15.553000,-6.1466,1.3919,4.8670,7.963
15.554000,-5.7174,0.7260,5.6711,8.086
15.557000,-5.0273,0.5124,5.4709,7.448
15.575000,-3.7203,0.5329,4.4956,5.860
15.577000,-2.4485,0.0534,4.3192,4.965
15.653000,-0.3220,1.6654,4.5306,4.838
15.655000,-0.3220,1.6654,4.5306,4.838
15.656000,1.6705,3.0604,4.2601,5.505
15.668000,2.1376,2.2479,2.4543,3.955
15.669000,1.6333,0.9283,1.3672,2.324
15.670000,1.7484,0.0192,0.1828,1.758
15.672000,3.1286,-0.8549,-1.7435,3.682
15.673000,5.1060,-2.4273,-2.3001,6.104
15.675000,6.6360,-4.3191,-2.3644,8.263
15.676000,8.6020,-4.5568,-2.6853,10.098
15.751000,11.3867,-2.4121,-2.4557,11.896
15.753000,13.8747,0.2698,-0.7361,13.897
15.755000,14.5283,1.7266,2.0360,14.772
15.757000,12.8237,1.3654,4.1006,13.532
15.760000,10.0520,-0.1276,5.6663,11.540
15.762000,6.5482,-1.7091,5.7257,8.865
15.763000,6.5482,-1.7091,5.7257,8.865
15.764000,2.9225,-3.0117,4.3169,6.021
15.765000,-0.2053,-3.8549,2.0886,4.389
15.766000,-2.7055,-4.3879,-0.2696,5.162
15.768000,-4.3353,-4.3555,-2.3225,6.570
15.784000,-5.0002,-3.6877,-4.1694,7.482
15.787000,-4.9834,-2.7652,-5.1580,7.687
15.859000,-4.5619,-1.5233,-5.5627,7.354
15.862000,-4.1779,-0.9594,-4.9151,6.522
15.866000,-3.8053,-0.8167,-1.6679,4.234
15.868000,-4.0154,-1.2348,0.0809,4.202
15.870000,-4.3727,-1.9258,1.8511,5.124
15.873000,-5.0087,-2.4515,2.9642,6.315
15.875000,-5.4004,-2.6981,3.2084,6.837
15.878000,-5.4950,-2.3360,2.7183,6.561
15.880000,-5.4950,-2.3360,2.7183,6.561
15.881000,-5.5962,-1.5972,1.0736,5.918
15.919000,-5.4763,-0.7336,-0.4142,5.541
15.921000,-4.8319,0.0613,-1.3650,5.021
15.923000,-3.9699,0.4333,-2.0583,4.493
15.925000,-2.8277,0.3198,-2.4298,3.742
15.927000,-1.2334,0.4251,-2.1953,2.554
15.945000,0.5012,0.1605,-2.2814,2.341
15.949000,1.6134,-0.9622,-2.8815,3.440
15.958000,0.7886,-3.1378,-3.8280,5.012
16.008000,0.6746,-4.2324,-3.6743,5.645
16.010000,5.0665,-3.8014,-2.6930,6.883
16.012000,11.1648,-3.8815,-1.3087,11.893
16.013000,13.9691,-4.3823,0.4350,14.647
16.015000,15.5168,-4.5819,2.3424,16.348
16.018000,16.3133,-4.7819,3.8558,17.432
16.028000,14.2330,-4.0164,5.3572,15.729
16.039000,10.8613,-2.4134,5.2964,12.322
16.116000,4.3884,-0.1893,-0.0311,4.393
16.119000,4.3798,-0.1894,-0.0504,4.384
16.120000,1.6976,0.7764,-3.1020,3.620
16.121000,-0.4221,1.6413,-5.8834,6.123
16.122000,-2.0031,2.4531,-6.9846,7.669
16.124000,-2.5695,3.3077,-4.1394,5.889
16.126000,-2.1768,3.1252,-1.1047,3.966
16.128000,-2.4482,2.8459,1.1823,3.936
16.129000,-2.5182,2.6410,2.8539,4.633
16.140000,-3.0164,2.3613,4.0413,5.568
16.145000,-3.6217,2.2552,4.0871,5.908
16.167000,-4.2312,2.2410,3.3157,5.824
16.168000,-4.2312,2.2410,3.3157,5.824
16.169000,-4.6745,2.6413,2.5168,5.930
16.225000,-4.8337,3.1628,2.0663,6.135
16.227000,-4.7226,3.8210,2.0493,6.411
16.229000,-4.6647,4.1062,2.1601,6.579
16.230000,-4.6293,4.2557,2.5693,6.793
16.232000,-4.8387,3.9572,2.6385,6.785
16.233000,-5.2643,3.4068,2.6959,6.825
16.289000,-5.7932,2.7124,2.8737,7.013
16.291000,-6.2461,1.9787,2.8951,7.163
16.292000,-5.8877,1.8558,3.2509,6.977
16.293000,-4.5050,1.9178,3.8158,6.207
16.294000,-2.7964,2.1835,4.1658,5.472
16.296000,-0.8316,2.6832,4.5900,5.381
16.301000,1.4255,3.7913,5.0323,6.460
16.308000,3.5043,4.7612,4.5601,7.466
16.324000,5.3702,4.4049,3.2908,7.686
16.328000,6.9886,3.7191,2.2982,8.243
16.387000,9.2107,3.2035,1.5742,9.878
16.389000,11.3173,1.7392,0.9798,11.492
16.392000,12.0245,-0.8399,0.9543,12.091
16.395000,12.1815,-4.0814,-0.1813,12.848
16.398000,12.2771,-2.9500,0.5666,12.639
16.402000,12.2079,-1.7354,1.7049,12.448
16.404000,11.3659,-1.5486,3.3865,11.960
16.412000,9.2638,-1.8459,4.1412,10.314
16.428000,6.1652,-2.9245,4.3279,8.080
16.430000,2.6020,-3.9850,3.3796,5.837
16.521000,-0.5205,-4.7479,1.5715,5.028
16.523000,-2.3777,-4.7894,0.1051,5.348
16.524000,-3.4469,-4.5364,-1.2151,5.825
16.526000,-4.1462,-4.0363,-2.5002,6.303
16.527000,-4.5347,-3.5121,-3.5595,6.750
16.528000,-4.5285,-2.8089,-4.1360,6.746
16.531000,-4.5367,-2.3210,-4.2976,6.666
16.536000,-4.9164,-2.2486,-3.9991,6.725
16.538000,-5.5430,-2.6581,-3.0017,6.841
16.539000,-6.2448,-3.3037,-1.9210,7.321
16.540000,-7.0260,-3.6294,-0.7812,7.947
16.557000,-7.4588,-3.8868,0.2069,8.413
16.564000,-7.5397,-3.7311,1.1857,8.496
16.568000,-7.6084,-3.7512,1.7009,8.652
16.625000,-7.7099,-3.5806,1.8564,8.701
16.627000,-7.6826,-3.1621,1.6344,8.467
16.628000,-7.6143,-2.8937,1.0243,8.210
16.630000,-7.1826,-2.5094,0.4255,7.620
16.632000,-6.5317,-2.1110,-0.0474,6.864
16.633000,-5.4538,-1.8075,-0.2721,5.752
16.641000,-3.1623,-1.5568,-0.3555,3.543
16.646000,-1.9992,-1.6231,-0.7114,2.672
16.665000,-0.3346,-1.5607,-1.1548,1.970
16.667000,-0.3346,-1.5607,-1.1548,1.970
16.678000,1.2013,-1.9139,-2.5631,3.417
16.679000,1.0584,-2.4169,-4.5989,5.302
16.754000,1.8548,-2.1817,-6.0555,6.698
16.756000,6.9734,-2.4232,-7.1268,10.261
16.757000,11.5581,-3.8795,-4.3771,12.954
16.758000,14.3356,-4.4595,0.6256,15.026
16.760000,16.3326,-5.0831,5.0388,17.832
16.761000,15.7907,-4.9060,9.4187,19.030
16.763000,13.1986,-2.9245,13.0598,18.797
16.764000,11.3945,-0.8157,12.7800,17.141
16.769000,9.5284,1.0241,9.8358,13.733
16.781000,5.6768,1.8985,4.4181,7.440
16.797000,2.9114,2.2386,-0.3857,3.693
16.802000,0.2289,2.7060,-4.9450,5.642
16.803000,0.2289,2.7060,-4.9450,5.642
16.808000,-1.6217,3.4626,-7.5227,8.439
16.868000,-1.7748,4.0735,-7.5056,8.722
16.871000,-1.3980,4.4367,-5.0310,6.852
16.874000,-1.0402,4.2413,-1.6445,4.666
16.876000,-1.1083,3.4585,0.7474,3.708
16.877000,-1.5045,3.1002,2.4275,4.215
16.879000,-1.9776,2.8076,3.3712,4.812
16.880000,-1.9776,2.8076,3.3712,4.812
16.881000,-2.3357,2.9177,3.3929,5.048
16.895000,-2.5375,3.2381,3.2509,5.243
16.898000,-2.6221,3.8393,3.0143,5.541
16.989000,-2.6814,4.6636,2.7080,6.023
16.991000,-2.7762,5.0606,2.8658,6.444
16.993000,-2.9822,5.0310,2.9108,6.533
16.995000,-3.4473,4.7412,2.9827,6.577
16.998000,-4.0458,4.0878,2.7886,6.392
17.002000,-4.4852,3.4104,2.6982,6.247
17.004000,-4.7848,2.8581,2.6773,6.183
17.005000,-4.4537,2.7288,2.7366,5.897
17.006000,-3.4456,2.7840,2.8654,5.276
17.007000,-1.5964,3.1451,2.8124,4.511
17.025000,0.5743,4.1517,3.0225,5.167
17.029000,2.8030,5.0463,2.7302,6.386
17.031000,3.6026,5.0680,1.9545,6.518
17.108000,3.4742,3.9875,1.3923,5.469
17.111000,3.8526,2.0165,1.3786,4.562
17.112000,4.3814,0.2601,1.2785,4.571
17.114000,5.9559,-1.7234,0.3472,6.210
17.115000,7.6449,-3.8365,1.0395,8.617
17.117000,8.6570,-5.4480,1.0838,10.286
17.119000,10.3518,-5.7089,0.8720,11.854
17.120000,12.0914,-3.7858,1.5336,12.763
17.122000,13.3178,-1.6371,2.4773,13.645
17.174000,13.8826,-0.3294,4.2347,14.518
17.176000,12.7190,-0.5485,5.7233,13.958
17.177000,10.2047,-1.7594,6.7544,12.363
17.179000,6.5872,-3.3321,6.5099,9.842
17.180000,6.5872,-3.3321,6.5099,9.842
17.181000,2.8088,-4.9480,4.8312,7.464
17.183000,-0.7639,-5.8810,2.2886,6.357
17.193000,-4.9837,-6.1970,-2.6603,8.386
17.269000,-5.8552,-5.4216,-4.6794,9.251
17.270000,-6.2827,-4.6306,-6.3556,10.065
17.272000,-6.2871,-3.5360,-6.9746,10.034
17.273000,-6.1029,-2.8349,-6.6853,9.486
17.274000,-5.9452,-2.7012,-5.0941,8.282
17.275000,-5.7968,-2.7910,-2.6910,6.974
17.277000,-6.0436,-3.1016,-0.8560,6.847
17.278000,-6.2846,-3.1990,0.9871,7.121
17.283000,-6.1795,-2.9530,2.3819,7.251
17.293000,-5.9685,-2.6337,3.1087,7.227
17.354000,-5.7031,-2.0371,3.3594,6.925
17.355000,-5.7031,-2.0371,3.3594,6.925
17.356000,-5.3547,-1.6198,2.8755,6.290
17.357000,-5.2064,-0.9726,2.0256,5.671
17.359000,-4.7976,-0.2356,1.0539,4.918
17.360000,-4.2821,0.6597,0.1495,4.335
17.361000,-3.6738,1.2425,-0.2392,3.886
17.362000,-3.0072,1.5003,-0.3798,3.382
17.376000,-2.1268,1.4414,-0.1399,2.573
17.379000,-2.1268,1.4414,-0.1399,2.573
17.380000,-1.0024,1.4429,-0.1145,1.761
17.451000,0.1184,1.3865,-0.1129,1.396
17.454000,0.9010,0.9984,-0.8817,1.608
17.455000,0.6293,-0.1524,-2.4196,2.505
17.457000,-0.4468,-1.1488,-3.5619,3.769
17.463000,1.0719,-1.2327,-5.5055,5.743
17.468000,7.4842,-1.5286,-5.9898,9.707
17.469000,7.4842,-1.5286,-5.9898,9.707
17.470000,12.5224,-1.5819,-4.1836,13.297
17.471000,16.8439,-0.7605,0.8871,16.884
17.473000,16.5983,-0.7252,3.2136,16.922
17.483000,13.8788,-0.5697,5.2506,14.850
17.504000,11.2930,-0.3255,5.8253,12.711
17.505000,8.4469,-0.1538,4.9550,9.794
17.509000,5.6331,0.1871,2.9091,6.343
17.574000,2.9876,0.3645,-0.1940,3.016
17.576000,1.2411,0.6547,-2.6651,3.012
17.578000,0.1152,0.8453,-4.3337,4.417
17.579000,-0.5953,0.8969,-5.0299,5.144
17.581000,-0.9637,1.0190,-4.5348,4.747
17.582000,-0.9648,1.1249,-3.3953,3.705
17.583000,-1.1758,1.1407,-2.0623,2.634
17.594000,-1.3725,1.2349,-0.7469,1.992
17.599000,-1.9647,1.3012,0.0955,2.358
17.667000,-2.6851,1.1001,0.5209,2.948
17.671000,-3.3339,0.9384,0.9010,3.579
17.672000,-3.8670,0.9265,0.9627,4.091
17.673000,-4.0025,1.2489,1.2458,4.374
17.675000,-4.2739,1.5172,1.0529,4.656
17.676000,-4.4065,1.7516,0.6402,4.785
17.677000,-4.4388,2.1511,0.0763,4.933
17.680000,-4.2809,2.7274,-0.0792,5.076
17.694000,-4.1002,3.0943,-0.2414,5.142
17.702000,-3.9170,3.1710,0.0411,5.040
17.776000,-3.4470,3.2552,0.4876,4.766
17.777000,-2.4959,2.9340,1.7752,4.241
17.779000,-2.4959,2.9340,1.7752,4.241
17.779000,-1.6628,2.8263,2.9853,4.435
17.781000,-0.3719,2.8778,3.5623,4.595
17.782000,1.1380,3.2053,4.1083,5.334
17.784000,2.5712,3.3495,4.3480,6.061
17.785000,2.9163,3.8499,5.2467,7.131
17.788000,2.8650,3.7437,5.2347,7.045
17.790000,3.9691,3.8220,4.6811,7.230
17.803000,5.8894,2.5973,2.9446,7.078
17.805000,5.8894,2.5973,2.9446,7.078
17.809000,6.9166,1.2565,1.1973,7.131
17.867000,6.7891,0.2297,0.8236,6.843
17.868000,7.3071,-0.5973,1.0499,7.406
17.875000,9.1106,-0.0571,2.2564,9.386
17.877000,11.5087,1.7644,4.9046,12.634
17.880000,12.4185,2.4395,8.4097,15.195
17.881000,12.2911,1.1938,10.7154,16.350
17.882000,12.2911,1.1938,10.7154,16.350
17.883000,10.1870,-0.4846,12.2632,15.950
17.893000,7.4354,-2.0812,12.3220,14.541
17.902000,4.5308,-3.0795,10.3922,11.748
17.973000,2.1438,-3.5681,7.8908,8.921
17.975000,0.5529,-3.9919,4.3777,5.950
17.977000,-0.2588,-4.4572,1.5750,4.734
17.979000,-1.6869,-4.3365,-0.9036,4.740
17.985000,-1.6869,-4.3365,-0.9036,4.740
17.987000,-2.2323,-4.5651,-2.1505,5.518
17.991000,-1.5593,-4.4608,-2.7439,5.464
17.993000,-0.2379,-2.8290,-1.4631,3.194
17.994000,-0.1001,-2.7152,-1.7840,3.250
17.995000,0.7520,-2.1540,-1.8809,2.957
18.011000,0.7754,-2.2334,-1.4545,2.776
18.014000,0.3242,-3.2110,-1.5137,3.565
18.020000,-0.3716,-3.9035,-1.9588,4.383
18.085000,-0.6629,-4.2460,-2.4496,4.947
18.087000,-0.9652,-4.4168,-3.3123,5.605
18.088000,-0.7290,-4.2701,-4.3959,6.172
18.090000,-0.7290,-4.2701,-4.3959,6.172
18.091000,-1.2452,-3.9932,-5.0389,6.549
18.092000,-1.1448,-3.5507,-5.9987,7.064
18.094000,-1.1065,-3.2697,-6.4510,7.316
18.095000,-1.1730,-2.9619,-6.5896,7.319
18.099000,-1.4490,-2.6689,-6.5032,7.177
18.119000,-1.3512,-2.4194,-6.0802,6.682
18.120000,-0.2071,-2.1278,-5.8624,6.240
18.193000,0.0922,-2.3964,-4.7360,5.309
18.195000,0.0976,-2.3387,-2.9845,3.793
18.196000,0.9055,-2.4280,-0.9594,2.763
18.197000,1.7097,-2.3131,1.1116,3.084
18.198000,2.4103,-1.5620,2.4942,3.804
18.200000,3.0827,-0.5362,2.6187,4.080
18.202000,3.5532,0.3081,1.1368,3.743
18.203000,3.5138,0.5573,-0.7459,3.635
18.213000,3.6615,0.2338,-2.7908,4.610
18.303000,3.4682,-0.6297,-5.2602,6.332
18.306000,2.1354,-1.3633,-6.3904,6.874
18.307000,0.4602,-1.4078,-6.4761,6.643
18.310000,0.2154,-1.1520,-6.2818,6.390
18.312000,0.4128,-0.1873,-2.4323,2.474
18.313000,0.4128,-0.1873,-2.4323,2.474
18.313000,0.4005,-0.1934,-2.4261,2.467
18.315000,1.2252,0.6786,1.0117,1.728
18.316000,2.2164,0.6517,3.4865,4.182
18.317000,0.9084,1.5960,1.7744,2.554
18.318000,0.9084,1.5960,1.7744,2.554
18.319000,-0.6184,1.9027,0.1305,2.005
18.325000,0.6565,0.8703,3.6946,3.852
18.401000,-1.7826,1.5474,0.9221,2.534
18.403000,-2.3971,1.6109,1.4376,3.226
18.404000,-3.8708,1.5019,2.0111,4.613
18.408000,-3.5306,1.0101,1.4088,3.933
18.410000,-2.0960,0.1276,0.4608,2.150
18.412000,-2.0960,0.1276,0.4608,2.150
18.413000,-1.8685,-0.7724,-0.3912,2.059
18.414000,-1.7938,-1.7118,-1.2824,2.791
18.416000,-2.7153,-2.3990,-1.3044,3.851
18.417000,-3.5832,-2.3005,-1.4419,4.496
18.442000,-3.3165,-1.3779,-1.0918,3.754
18.444000,-2.5350,-0.6874,-0.5525,2.684
18.445000,-1.9785,-0.1029,-0.1913,1.990
18.446000,-1.9785,-0.1029,-0.1913,1.990
18.454000,-1.5467,0.2834,-0.5832,1.677
18.521000,-1.2640,0.6348,-1.1989,1.854
18.524000,-1.2809,0.6487,-2.1487,2.584
18.525000,-0.3926,0.6891,-2.6799,2.795
18.527000,2.2004,1.1508,-4.0324,4.736
18.528000,8.5824,4.5180,-8.7458,13.060
18.529000,-2.5232,1.0596,-5.2206,5.894
18.531000,-4.6852,-0.7457,-3.1201,5.678
18.532000,-2.2238,-1.2912,-1.6146,3.036
18.621000,-0.8569,-0.1502,0.5529,1.031
18.624000,-1.2999,-0.0324,0.4180,1.366
18.625000,-1.3964,-0.3579,-0.3283,1.478
18.627000,-1.2552,0.0380,-0.5071,1.354
18.629000,-0.9325,0.4507,0.0098,1.036
18.630000,-0.9325,0.4507,0.0098,1.036
18.631000,-0.4464,0.9891,0.6059,1.243
18.632000,-0.0937,0.9282,1.3099,1.608
18.633000,0.2649,0.9282,1.9934,2.215
18.634000,0.2129,1.0279,2.0189,2.275
18.636000,-0.1356,1.4239,1.6121,2.155
18.648000,-1.1281,1.2247,0.8269,1.859
18.651000,-1.0089,0.3682,0.9120,1.409
18.733000,-0.9844,-1.0495,1.6082,2.158
18.735000,-0.4976,-1.9523,2.9273,3.554
18.737000,0.1326,-2.2198,3.6410,4.266
18.739000,0.3740,-2.2259,3.1643,3.887
18.741000,0.1756,-1.4373,1.9344,2.416
18.742000,-0.3509,-0.6841,0.9767,1.243
18.744000,-0.7979,-0.1761,0.1869,0.838
18.745000,-1.0149,0.1912,0.3633,1.095
18.814000,-0.7593,0.4525,1.5485,1.783
18.816000,-0.2143,0.1100,2.4918,2.503
18.817000,-0.3978,-0.0214,2.0603,2.098
18.818000,0.0478,0.2996,1.6617,1.689
18.819000,-0.3408,0.5512,2.4669,2.551
18.820000,0.2562,0.9183,2.2732,2.465
18.822000,0.5395,0.6971,1.3701,1.629
18.824000,0.7888,0.5334,0.4839,1.068
18.825000,0.4850,0.3069,0.1193,0.586
18.834000,0.8900,-0.3883,-0.6200,1.152
18.918000,0.6812,-0.7212,-1.4843,1.785
18.920000,0.5508,-0.5553,-1.6753,1.849
18.921000,0.1078,-0.0996,-1.6705,1.677
18.922000,0.1063,0.0859,-1.5629,1.569
18.925000,0.1063,0.0859,-1.5629,1.569
18.926000,0.1272,0.1878,-1.6296,1.645
18.928000,-0.0369,-0.0464,-1.5640,1.565
18.929000,-0.1117,-0.4173,-1.8058,1.857
18.931000,-0.2162,-0.5714,-2.0922,2.180
18.932000,-0.3146,-0.4695,-2.4264,2.491
18.933000,-0.5176,-0.6729,-2.8482,2.972
18.991000,-1.0101,-0.6552,-3.1122,3.337
18.993000,-1.1500,-0.4588,-3.1873,3.419
18.994000,-1.0701,-0.5847,-3.2312,3.454
18.998000,-0.9200,-0.8222,-2.9041,3.155
18.999000,-0.6239,-0.8376,-2.5553,2.760
19.000000,-0.1257,-0.8015,-2.1601,2.307
19.001000,0.0451,-0.8660,-1.7348,1.939
19.015000,0.2223,-0.8020,-1.6977,1.891
19.020000,-0.2497,-0.7863,-1.6429,1.838
19.077000,-0.0253,-0.2265,-1.9546,1.968
19.079000,-0.0605,0.3034,-1.5066,1.538
19.080000,-0.1503,0.5342,-1.1042,1.236
19.081000,-0.0468,0.7609,-0.6709,1.015
19.083000,-0.3207,0.6141,-0.3281,0.767
19.084000,-0.4063,0.2305,-0.0194,0.468
19.085000,-0.4063,0.2305,-0.0194,0.468
19.098000,-0.5906,0.1240,0.4452,0.750
19.102000,-0.4696,0.5666,1.4854,1.658
19.176000,-0.3978,0.7379,1.6736,1.872
19.179000,-0.4563,0.5483,1.0506,1.270
19.180000,-0.5940,0.4274,0.2560,0.775
19.183000,-0.7672,0.4382,-0.1107,0.890
19.184000,-0.6178,0.5879,-0.0460,0.854
19.185000,-0.4770,0.6264,0.2525,0.827
19.186000,-0.3301,0.3664,0.7252,0.877
19.188000,0.1325,-0.1696,1.5037,1.519
19.193000,0.7698,-0.3837,2.4380,2.585
19.203000,1.4047,-0.5054,2.8764,3.241
19.226000,1.8897,-0.8335,3.0695,3.700
19.228000,2.5481,-0.9433,2.9807,4.033
19.236000,2.7933,-1.0934,2.5896,3.963
19.294000,2.7133,-1.1817,1.9012,3.518
19.296000,2.4827,-1.1159,1.2754,3.006
19.297000,2.2173,-0.8637,0.5782,2.449
19.299000,2.1278,-1.2125,-0.0751,2.450
19.300000,1.4162,-1.4743,-0.0231,2.044
19.303000,1.6641,-1.1240,0.4812,2.065
19.308000,1.4899,-1.0998,0.6487,1.962
19.319000,0.8927,-1.2647,0.6303,1.671
19.322000,0.4489,-1.1244,0.6524,1.375
19.397000,-0.1640,-0.5904,-0.2850,0.676
19.399000,-0.3006,0.0749,-1.2246,1.263
19.400000,0.0951,0.2788,-1.9076,1.930
19.401000,0.5878,0.0020,-2.1295,2.209
19.403000,0.1247,-0.3876,-1.9736,2.015
19.404000,0.2873,-0.3442,-1.8533,1.907
19.405000,0.2337,-0.2103,-1.7393,1.768
19.406000,-0.0808,-0.2815,-1.3861,1.417
19.419000,-0.0539,-0.2006,-1.2288,1.246
19.421000,-0.0057,-0.2551,-1.1372,1.165
